date,campaign_id,channel,spend,impressions,clicks,conversions,revenue,roas
2026-01-01 00:00:00,CMP-00000,Display,264.0,21153,305,14,700.0,2.652
2026-01-01 01:00:00,CMP-00001,Social,236.0,35210,774,23,1312.0,5.559
2026-01-01 02:00:00,CMP-00002,Affiliate,345.0,40565,567,31,1544.0,4.475
2026-01-01 03:00:00,CMP-00003,Display,334.0,43033,541,40,2741.0,8.207
2026-01-01 04:00:00,CMP-00004,Search,420.0,41727,2119,139,7258.0,17.281
2026-01-01 05:00:00,CMP-00005,Affiliate,608.0,41073,303,16,893.0,1.469
2026-01-01 06:00:00,CMP-00006,Display,455.0,70150,424,22,1082.0,2.378
2026-01-01 07:00:00,CMP-00007,Display,704.0,57100,501,17,1162.0,1.651
2026-01-01 08:00:00,CMP-00008,Search,404.0,25709,1000,87,4466.0,11.054
2026-01-01 09:00:00,CMP-00009,Social,1036.0,127425,2512,162,11246.0,10.855
2026-01-01 10:00:00,CMP-00010,Social,695.0,48067,1307,68,4671.0,6.721
2026-01-01 11:00:00,CMP-00011,Affiliate,533.0,37594,475,29,1553.0,2.914
2026-01-01 12:00:00,CMP-00012,Social,609.0,90157,2110,79,4605.0,7.562
2026-01-01 13:00:00,CMP-00013,Display,350.0,39926,436,27,1438.0,4.109
2026-01-01 14:00:00,CMP-00014,Social,417.0,36097,769,59,3744.0,8.978
2026-01-01 15:00:00,CMP-00015,Search,408.0,40126,2098,129,7231.0,17.723
2026-01-01 16:00:00,CMP-00016,Social,310.0,43467,945,52,2799.0,9.029
2026-01-01 17:00:00,CMP-00017,Search,212.0,14267,564,18,1052.0,4.962
2026-01-01 18:00:00,CMP-00018,Display,626.0,45580,687,35,1476.0,2.358
2026-01-01 19:00:00,CMP-00019,Social,760.0,97119,2318,129,7384.0,9.716
2026-01-01 20:00:00,CMP-00020,Display,581.0,73651,1462,107,6901.0,11.878
2026-01-01 21:00:00,CMP-00021,Social,454.0,75804,1747,96,5701.0,12.557
2026-01-01 22:00:00,CMP-00022,Affiliate,1268.0,128322,1962,82,5536.0,4.366
2026-01-01 23:00:00,CMP-00023,Affiliate,329.0,22095,350,20,1085.0,3.298
2026-01-02 00:00:00,CMP-00024,Display,542.0,64567,622,34,1816.0,3.351
2026-01-02 01:00:00,CMP-00025,Search,814.0,105997,4449,184,8616.0,10.585
2026-01-02 02:00:00,CMP-00026,Social,250.0,18839,490,30,1618.0,6.472
2026-01-02 03:00:00,CMP-00027,Search,650.0,78529,3766,261,20269.0,31.183
2026-01-02 04:00:00,CMP-00028,Search,1070.0,87477,3486,212,12880.0,12.037
2026-01-02 05:00:00,CMP-00029,Display,474.0,72484,568,27,1408.0,2.97
2026-01-02 06:00:00,CMP-00030,Display,517.0,78515,150,6,288.0,0.557
2026-01-02 07:00:00,CMP-00031,Affiliate,330.0,35395,482,14,588.0,1.782
2026-01-02 08:00:00,CMP-00032,Search,605.0,100636,4381,207,10287.0,17.003
2026-01-02 09:00:00,CMP-00033,Social,306.0,51339,1272,67,4395.0,14.363
2026-01-02 10:00:00,CMP-00034,Social,460.0,34140,634,27,1451.0,3.154
2026-01-02 11:00:00,CMP-00035,Search,196.0,19687,797,49,2372.0,12.102
2026-01-02 12:00:00,CMP-00036,Search,78.0,9830,443,22,1089.0,13.962
2026-01-02 13:00:00,CMP-00037,Social,367.0,25444,573,19,1225.0,3.338
2026-01-02 14:00:00,CMP-00038,Search,364.0,37161,1771,58,3317.0,9.113
2026-01-02 15:00:00,CMP-00039,Display,385.0,34160,488,23,1190.0,3.091
2026-01-02 16:00:00,CMP-00040,Social,685.0,112836,3726,307,16859.0,24.612
2026-01-02 17:00:00,CMP-00041,Display,770.0,81061,931,58,4643.0,6.03
2026-01-02 18:00:00,CMP-00042,Display,554.0,79717,1316,85,5967.0,10.771
2026-01-02 19:00:00,CMP-00043,Search,661.0,67777,2836,172,12502.0,18.914
2026-01-02 20:00:00,CMP-00044,Display,311.0,23169,127,7,283.0,0.91
2026-01-02 21:00:00,CMP-00045,Display,270.0,41835,465,17,960.0,3.556
2026-01-02 22:00:00,CMP-00046,Social,612.0,36748,683,35,1804.0,2.948
2026-01-02 23:00:00,CMP-00047,Search,248.0,16406,717,44,2791.0,11.254
2026-01-03 00:00:00,CMP-00048,Display,232.0,23219,191,5,343.0,1.478
2026-01-03 01:00:00,CMP-00049,Search,1600.0,216894,8135,581,35595.0,22.247
2026-01-03 02:00:00,CMP-00050,Search,490.0,47817,2579,149,7342.0,14.984
2026-01-03 03:00:00,CMP-00051,Search,364.0,24495,1009,72,3700.0,10.165
2026-01-03 04:00:00,CMP-00052,Display,342.0,32477,182,8,514.0,1.503
2026-01-03 05:00:00,CMP-00053,Display,200.0,17389,259,22,1434.0,7.17
2026-01-03 06:00:00,CMP-00054,Display,548.0,33206,286,14,832.0,1.518
2026-01-03 07:00:00,CMP-00055,Display,404.0,48006,770,43,2550.0,6.312
2026-01-03 08:00:00,CMP-00056,Social,759.0,55278,1216,93,5441.0,7.169
2026-01-03 09:00:00,CMP-00057,Social,621.0,56898,1312,62,3763.0,6.06
2026-01-03 10:00:00,CMP-00058,Search,396.0,51690,2335,164,10686.0,26.985
2026-01-03 11:00:00,CMP-00059,Search,134.0,18728,881,49,3151.0,23.515
2026-01-03 12:00:00,CMP-00060,Display,491.0,43689,663,30,1747.0,3.558
2026-01-03 13:00:00,CMP-00061,Social,468.0,45026,1137,48,2760.0,5.897
2026-01-03 14:00:00,CMP-00062,Social,116.0,10110,275,16,914.0,7.879
2026-01-03 15:00:00,CMP-00063,Display,585.0,96675,1420,65,3263.0,5.578
2026-01-03 16:00:00,CMP-00064,Social,243.0,19672,493,29,1452.0,5.975
2026-01-03 17:00:00,CMP-00065,Social,779.0,62436,1454,86,5456.0,7.004
2026-01-03 18:00:00,CMP-00066,Social,453.0,49356,990,46,2340.0,5.166
2026-01-03 19:00:00,CMP-00067,Search,337.0,27237,1336,76,5027.0,14.917
2026-01-03 20:00:00,CMP-00068,Search,527.0,40704,1874,69,3967.0,7.528
2026-01-03 21:00:00,CMP-00069,Social,510.0,35978,816,49,3244.0,6.361
2026-01-03 22:00:00,CMP-00070,Search,501.0,65339,3256,208,13389.0,26.725
2026-01-03 23:00:00,CMP-00071,Social,728.0,92695,1786,100,6643.0,9.125
2026-01-04 00:00:00,CMP-00072,Affiliate,543.0,71414,1353,71,3780.0,6.961
2026-01-04 01:00:00,CMP-00073,Search,320.0,46420,2036,135,8382.0,26.194
2026-01-04 02:00:00,CMP-00074,Search,410.0,39318,1827,117,7649.0,18.656
2026-01-04 03:00:00,CMP-00075,Search,917.0,147661,6487,309,13128.0,14.316
2026-01-04 04:00:00,CMP-00076,Search,304.0,42758,1649,84,6301.0,20.727
2026-01-04 05:00:00,CMP-00077,Display,581.0,86288,928,49,3952.0,6.802
2026-01-04 06:00:00,CMP-00078,Social,741.0,103225,2724,151,10188.0,13.749
2026-01-04 07:00:00,CMP-00079,Display,609.0,60552,869,61,4030.0,6.617
2026-01-04 08:00:00,CMP-00080,Display,492.0,44837,506,19,1214.0,2.467
2026-01-04 09:00:00,CMP-00081,Social,532.0,56645,954,63,3450.0,6.485
2026-01-04 10:00:00,CMP-00082,Display,629.0,44453,250,17,967.0,1.537
2026-01-04 11:00:00,CMP-00083,Search,302.0,33111,1711,97,6561.0,21.725
2026-01-04 12:00:00,CMP-00084,Search,470.0,30430,1171,61,2944.0,6.264
2026-01-04 13:00:00,CMP-00085,Search,1264.0,76388,3847,204,9668.0,7.649
2026-01-04 14:00:00,CMP-00086,Display,590.0,95854,779,58,3134.0,5.312
2026-01-04 15:00:00,CMP-00087,Social,501.0,68049,1675,74,4778.0,9.537
2026-01-04 16:00:00,CMP-00088,Search,389.0,47381,2271,103,5082.0,13.064
2026-01-04 17:00:00,CMP-00089,Social,304.0,29646,673,44,2453.0,8.069
2026-01-04 18:00:00,CMP-00090,Search,541.0,66412,3509,188,10703.0,19.784
2026-01-04 19:00:00,CMP-00091,Display,561.0,88679,1060,72,3447.0,6.144
2026-01-04 20:00:00,CMP-00092,Social,453.0,59688,1584,116,3898.0,8.605
2026-01-04 21:00:00,CMP-00093,Social,1516.0,191429,4595,373,17805.0,11.745
2026-01-04 22:00:00,CMP-00094,Search,319.0,35288,1677,104,6303.0,19.759
2026-01-04 23:00:00,CMP-00095,Social,278.0,27251,924,53,3332.0,11.986
2026-01-05 00:00:00,CMP-00096,Social,392.0,53641,1289,77,4847.0,12.365
2026-01-05 01:00:00,CMP-00097,Search,461.0,77405,3981,177,11345.0,24.61
2026-01-05 02:00:00,CMP-00098,Search,295.0,31483,1361,66,3415.0,11.576
2026-01-05 03:00:00,CMP-00099,Affiliate,535.0,55181,838,33,1637.0,3.06
2026-01-05 04:00:00,CMP-00100,Affiliate,564.0,60400,820,47,2902.0,5.145
2026-01-05 05:00:00,CMP-00101,Display,666.0,71135,535,34,1900.0,2.853
2026-01-05 06:00:00,CMP-00102,Search,358.0,60490,2853,168,11268.0,31.475
2026-01-05 07:00:00,CMP-00103,Affiliate,879.0,121078,1403,50,3091.0,3.516
2026-01-05 08:00:00,CMP-00104,Display,644.0,64084,547,16,1133.0,1.759
2026-01-05 09:00:00,CMP-00105,Display,315.0,31772,415,37,1974.0,6.267
2026-01-05 10:00:00,CMP-00106,Social,295.0,31679,757,48,3296.0,11.173
2026-01-05 11:00:00,CMP-00107,Search,406.0,25999,1141,60,4701.0,11.579
2026-01-05 12:00:00,CMP-00108,Search,565.0,66703,3002,168,9834.0,17.405
2026-01-05 13:00:00,CMP-00109,Affiliate,607.0,90595,1032,97,6110.0,10.066
2026-01-05 14:00:00,CMP-00110,Social,643.0,85301,1995,122,5941.0,9.24
2026-01-05 15:00:00,CMP-00111,Search,1224.0,100155,4564,76,5087.0,4.156
2026-01-05 16:00:00,CMP-00112,Search,147.0,20592,871,79,5474.0,37.238
2026-01-05 17:00:00,CMP-00113,Social,161.0,22401,799,30,1592.0,9.888
2026-01-05 18:00:00,CMP-00114,Search,447.0,39729,1580,89,5684.0,12.716
2026-01-05 19:00:00,CMP-00115,Affiliate,1173.0,150749,1443,58,3527.0,3.007
2026-01-05 20:00:00,CMP-00116,Display,681.0,86626,840,36,2229.0,3.273
2026-01-05 21:00:00,CMP-00117,Display,269.0,40989,820,49,3240.0,12.045
2026-01-05 22:00:00,CMP-00118,Social,521.0,39058,752,29,1832.0,3.516
2026-01-05 23:00:00,CMP-00119,Social,433.0,35260,923,48,2717.0,6.275
2026-01-06 00:00:00,CMP-00120,Social,425.0,48219,1275,76,5041.0,11.861
2026-01-06 01:00:00,CMP-00121,Social,355.0,23023,602,28,1935.0,5.451
2026-01-06 02:00:00,CMP-00122,Search,500.0,52857,2661,91,4774.0,9.548
2026-01-06 03:00:00,CMP-00123,Social,800.0,117363,3566,163,9451.0,11.814
2026-01-06 04:00:00,CMP-00124,Search,372.0,28405,1276,69,2782.0,7.478
2026-01-06 05:00:00,CMP-00125,Social,645.0,71333,1865,105,6703.0,10.392
2026-01-06 06:00:00,CMP-00126,Search,702.0,118549,4340,154,10816.0,15.407
2026-01-06 07:00:00,CMP-00127,Search,876.0,101310,4634,276,15298.0,17.463
2026-01-06 08:00:00,CMP-00128,Search,292.0,33526,1402,93,5518.0,18.897
2026-01-06 09:00:00,CMP-00129,Social,479.0,58182,1411,56,3125.0,6.524
2026-01-06 10:00:00,CMP-00130,Search,333.0,26793,1040,50,2708.0,8.132
2026-01-06 11:00:00,CMP-00131,Affiliate,500.0,38094,540,26,1568.0,3.136
2026-01-06 12:00:00,CMP-00132,Social,498.0,66985,1197,44,2207.0,4.432
2026-01-06 13:00:00,CMP-00133,Search,252.0,26090,1245,82,4563.0,18.107
2026-01-06 14:00:00,CMP-00134,Social,515.0,47323,957,72,3525.0,6.845
2026-01-06 15:00:00,CMP-00135,Search,1254.0,79570,3320,191,12203.0,9.731
2026-01-06 16:00:00,CMP-00136,Affiliate,608.0,93063,1596,61,3684.0,6.059
2026-01-06 17:00:00,CMP-00137,Social,223.0,14173,415,25,1342.0,6.018
2026-01-06 18:00:00,CMP-00138,Display,282.0,40184,649,39,2276.0,8.071
2026-01-06 19:00:00,CMP-00139,Search,467.0,47642,2385,124,6918.0,14.814
2026-01-06 20:00:00,CMP-00140,Social,285.0,35868,817,52,3611.0,12.67
2026-01-06 21:00:00,CMP-00141,Social,853.0,74419,2236,122,6538.0,7.665
2026-01-06 22:00:00,CMP-00142,Affiliate,207.0,15958,99,7,450.0,2.174
2026-01-06 23:00:00,CMP-00143,Social,610.0,72390,2054,107,5451.0,8.936
2026-01-07 00:00:00,CMP-00144,Social,181.0,24709,587,44,2910.0,16.077
2026-01-07 01:00:00,CMP-00145,Search,463.0,37736,1506,93,6359.0,13.734
2026-01-07 02:00:00,CMP-00146,Search,262.0,28295,1340,99,6816.0,26.015
2026-01-07 03:00:00,CMP-00147,Social,665.0,72426,2025,122,8871.0,13.34
2026-01-07 04:00:00,CMP-00148,Social,783.0,65582,1869,76,4630.0,5.913
2026-01-07 05:00:00,CMP-00149,Search,564.0,68895,3090,209,14709.0,26.08
2026-01-07 06:00:00,CMP-00150,Display,801.0,60918,730,48,3564.0,4.449
2026-01-07 07:00:00,CMP-00151,Affiliate,96.0,11142,129,7,327.0,3.406
2026-01-07 08:00:00,CMP-00152,Search,512.0,37108,1717,90,4677.0,9.135
2026-01-07 09:00:00,CMP-00153,Social,606.0,68726,1966,85,3659.0,6.038
2026-01-07 10:00:00,CMP-00154,Search,645.0,60807,2861,198,13585.0,21.062
2026-01-07 11:00:00,CMP-00155,Display,149.0,16352,264,9,386.0,2.591
2026-01-07 12:00:00,CMP-00156,Search,588.0,63334,2416,109,4382.0,7.452
2026-01-07 13:00:00,CMP-00157,Display,652.0,104236,1179,69,3245.0,4.977
2026-01-07 14:00:00,CMP-00158,Display,509.0,57971,369,18,731.0,1.436
2026-01-07 15:00:00,CMP-00159,Display,224.0,33607,430,13,789.0,3.522
2026-01-07 16:00:00,CMP-00160,Search,353.0,29942,1587,60,2829.0,8.014
2026-01-07 17:00:00,CMP-00161,Affiliate,855.0,84413,848,35,1438.0,1.682
2026-01-07 18:00:00,CMP-00162,Search,808.0,55153,2439,108,6219.0,7.697
2026-01-07 19:00:00,CMP-00163,Search,600.0,63769,3002,179,10413.0,17.355
2026-01-07 20:00:00,CMP-00164,Social,672.0,89750,1527,87,3419.0,5.088
2026-01-07 21:00:00,CMP-00165,Social,762.0,115975,2697,158,8036.0,10.546
2026-01-07 22:00:00,CMP-00166,Display,597.0,72983,966,57,3263.0,5.466
2026-01-07 23:00:00,CMP-00167,Display,843.0,109933,234,12,653.0,0.775
2026-01-08 00:00:00,CMP-00168,Search,829.0,65904,2731,145,7932.0,9.568
2026-01-08 01:00:00,CMP-00169,Affiliate,1447.0,92742,1470,74,5165.0,3.569
2026-01-08 02:00:00,CMP-00170,Search,361.0,53097,2572,145,11522.0,31.917
2026-01-08 03:00:00,CMP-00171,Social,365.0,28606,764,39,2140.0,5.863
2026-01-08 04:00:00,CMP-00172,Search,67.0,4691,258,15,672.0,10.03
2026-01-08 05:00:00,CMP-00173,Affiliate,575.0,93800,1199,46,2560.0,4.452
2026-01-08 06:00:00,CMP-00174,Search,1139.0,189059,9114,396,23737.0,20.84
2026-01-08 07:00:00,CMP-00175,Search,876.0,111942,4862,322,18504.0,21.123
2026-01-08 08:00:00,CMP-00176,Social,713.0,72476,1856,59,3782.0,5.304
2026-01-08 09:00:00,CMP-00177,Affiliate,905.0,137248,1332,83,6650.0,7.348
2026-01-08 10:00:00,CMP-00178,Affiliate,611.0,50419,836,61,2493.0,4.08
2026-01-08 11:00:00,CMP-00179,Display,408.0,43751,832,25,1323.0,3.243
2026-01-08 12:00:00,CMP-00180,Affiliate,1277.0,126770,2145,93,6827.0,5.346
2026-01-08 13:00:00,CMP-00181,Affiliate,589.0,94473,978,57,3008.0,5.107
2026-01-08 14:00:00,CMP-00182,Social,821.0,132325,2782,212,13970.0,17.016
2026-01-08 15:00:00,CMP-00183,Search,95.0,12501,666,29,1865.0,19.632
2026-01-08 16:00:00,CMP-00184,Display,110.0,7939,102,7,493.0,4.482
2026-01-08 17:00:00,CMP-00185,Display,520.0,58781,775,31,2391.0,4.598
2026-01-08 18:00:00,CMP-00186,Social,286.0,24878,537,36,2208.0,7.72
2026-01-08 19:00:00,CMP-00187,Search,545.0,85750,4062,189,7662.0,14.059
2026-01-08 20:00:00,CMP-00188,Display,364.0,27381,240,20,1020.0,2.802
2026-01-08 21:00:00,CMP-00189,Search,1551.0,102325,4811,360,28750.0,18.536
2026-01-08 22:00:00,CMP-00190,Affiliate,789.0,108477,1979,99,4342.0,5.503
2026-01-08 23:00:00,CMP-00191,Search,948.0,104148,5327,244,15364.0,16.207
2026-01-09 00:00:00,CMP-00192,Search,126.0,19179,909,29,953.0,7.563
2026-01-09 01:00:00,CMP-00193,Display,709.0,48360,306,17,756.0,1.066
2026-01-09 02:00:00,CMP-00194,Search,434.0,64283,2881,131,8760.0,20.184
2026-01-09 03:00:00,CMP-00195,Search,957.0,61350,3224,189,11030.0,11.526
2026-01-09 04:00:00,CMP-00196,Social,658.0,41511,918,26,1410.0,2.143
2026-01-09 05:00:00,CMP-00197,Affiliate,467.0,51717,621,46,2293.0,4.91
2026-01-09 06:00:00,CMP-00198,Search,238.0,20073,1067,45,1712.0,7.193
2026-01-09 07:00:00,CMP-00199,Search,515.0,64534,3150,166,10779.0,20.93
2026-01-09 08:00:00,CMP-00200,Display,846.0,53162,1198,52,2869.0,3.391
2026-01-09 09:00:00,CMP-00201,Affiliate,984.0,62870,568,38,1626.0,1.652
2026-01-09 10:00:00,CMP-00202,Social,394.0,55154,1142,64,3731.0,9.47
2026-01-09 11:00:00,CMP-00203,Search,1426.0,118526,5980,455,29035.0,20.361
2026-01-09 12:00:00,CMP-00204,Search,813.0,107483,4240,243,13606.0,16.736
2026-01-09 13:00:00,CMP-00205,Search,289.0,41180,1777,119,7040.0,24.36
2026-01-09 14:00:00,CMP-00206,Search,252.0,16764,765,35,2043.0,8.107
2026-01-09 15:00:00,CMP-00207,Display,449.0,64958,1060,75,3820.0,8.508
2026-01-09 16:00:00,CMP-00208,Search,394.0,35273,1654,123,7201.0,18.277
2026-01-09 17:00:00,CMP-00209,Social,614.0,63149,1717,101,6601.0,10.751
2026-01-09 18:00:00,CMP-00210,Display,487.0,33861,343,15,1025.0,2.105
2026-01-09 19:00:00,CMP-00211,Social,412.0,62726,1893,88,5800.0,14.078
2026-01-09 20:00:00,CMP-00212,Search,188.0,22875,1390,90,4612.0,24.532
2026-01-09 21:00:00,CMP-00213,Display,668.0,77162,1130,85,5471.0,8.19
2026-01-09 22:00:00,CMP-00214,Display,178.0,29644,353,24,1504.0,8.449
2026-01-09 23:00:00,CMP-00215,Display,814.0,78791,503,17,865.0,1.063
2026-01-10 00:00:00,CMP-00216,Search,136.0,21486,938,43,2294.0,16.868
2026-01-10 01:00:00,CMP-00217,Search,171.0,23797,1030,50,3240.0,18.947
2026-01-10 02:00:00,CMP-00218,Affiliate,288.0,46695,454,32,2297.0,7.976
2026-01-10 03:00:00,CMP-00219,Social,375.0,59946,1430,66,2632.0,7.019
2026-01-10 04:00:00,CMP-00220,Search,334.0,56450,2966,193,14359.0,42.991
2026-01-10 05:00:00,CMP-00221,Social,374.0,27857,863,55,3830.0,10.241
2026-01-10 06:00:00,CMP-00222,Display,550.0,81158,896,37,2220.0,4.036
2026-01-10 07:00:00,CMP-00223,Affiliate,292.0,43360,274,18,1001.0,3.428
2026-01-10 08:00:00,CMP-00224,Search,553.0,72377,3654,148,9162.0,16.568
2026-01-10 09:00:00,CMP-00225,Affiliate,96.0,8704,119,9,464.0,4.833
2026-01-10 10:00:00,CMP-00226,Search,286.0,47523,1846,120,6747.0,23.591
2026-01-10 11:00:00,CMP-00227,Social,166.0,13692,372,18,778.0,4.687
2026-01-10 12:00:00,CMP-00228,Social,810.0,93112,2595,193,7833.0,9.67
2026-01-10 13:00:00,CMP-00229,Search,314.0,36852,1317,90,7319.0,23.309
2026-01-10 14:00:00,CMP-00230,Search,647.0,50337,2098,94,5511.0,8.518
2026-01-10 15:00:00,CMP-00231,Social,147.0,20503,515,23,1381.0,9.395
2026-01-10 16:00:00,CMP-00232,Affiliate,976.0,68100,1029,39,2250.0,2.305
2026-01-10 17:00:00,CMP-00233,Social,502.0,68392,1562,111,5519.0,10.994
2026-01-10 18:00:00,CMP-00234,Affiliate,1217.0,186624,1710,67,3680.0,3.024
2026-01-10 19:00:00,CMP-00235,Display,472.0,46460,735,24,1414.0,2.996
2026-01-10 20:00:00,CMP-00236,Social,189.0,26088,626,33,1849.0,9.783
2026-01-10 21:00:00,CMP-00237,Display,265.0,20469,311,15,757.0,2.857
2026-01-10 22:00:00,CMP-00238,Search,419.0,64129,2585,98,6154.0,14.687
2026-01-10 23:00:00,CMP-00239,Search,271.0,44640,1778,126,7545.0,27.841
2026-01-11 00:00:00,CMP-00240,Display,770.0,59133,830,68,4211.0,5.469
2026-01-11 01:00:00,CMP-00241,Display,494.0,67235,866,38,2472.0,5.004
2026-01-11 02:00:00,CMP-00242,Search,273.0,31570,1552,96,5404.0,19.795
2026-01-11 03:00:00,CMP-00243,Social,711.0,84228,1943,96,5406.0,7.603
2026-01-11 04:00:00,CMP-00244,Social,389.0,53570,1178,68,4952.0,12.73
2026-01-11 05:00:00,CMP-00245,Affiliate,695.0,79064,1339,59,2865.0,4.122
2026-01-11 06:00:00,CMP-00246,Social,355.0,44742,908,46,1806.0,5.087
2026-01-11 07:00:00,CMP-00247,Social,624.0,53289,1573,83,5275.0,8.454
2026-01-11 08:00:00,CMP-00248,Social,382.0,38824,1201,43,2223.0,5.819
2026-01-11 09:00:00,CMP-00249,Social,770.0,119485,3415,223,10532.0,13.678
2026-01-11 10:00:00,CMP-00250,Display,149.0,10741,91,3,201.0,1.349
2026-01-11 11:00:00,CMP-00251,Affiliate,227.0,28541,240,12,679.0,2.991
2026-01-11 12:00:00,CMP-00252,Social,439.0,35239,785,29,1316.0,2.998
2026-01-11 13:00:00,CMP-00253,Search,322.0,49304,1955,91,7039.0,21.86
2026-01-11 14:00:00,CMP-00254,Search,375.0,46385,1881,162,6787.0,18.099
2026-01-11 15:00:00,CMP-00255,Display,661.0,68965,996,42,2400.0,3.631
2026-01-11 16:00:00,CMP-00256,Display,371.0,32455,432,27,1056.0,2.846
2026-01-11 17:00:00,CMP-00257,Search,563.0,60833,2447,131,7953.0,14.126
2026-01-11 18:00:00,CMP-00258,Search,285.0,47121,2273,132,6810.0,23.895
2026-01-11 19:00:00,CMP-00259,Social,129.0,14965,396,18,1191.0,9.233
2026-01-11 20:00:00,CMP-00260,Search,693.0,77369,3855,276,15960.0,23.03
2026-01-11 21:00:00,CMP-00261,Display,1087.0,154451,2208,138,9868.0,9.078
2026-01-11 22:00:00,CMP-00262,Search,533.0,54203,2699,196,10526.0,19.749
2026-01-11 23:00:00,CMP-00263,Search,452.0,48371,2222,131,5496.0,12.159
2026-01-12 00:00:00,CMP-00264,Affiliate,504.0,48920,761,56,3381.0,6.708
2026-01-12 01:00:00,CMP-00265,Search,908.0,69553,2894,222,12315.0,13.563
2026-01-12 02:00:00,CMP-00266,Search,536.0,74246,3326,209,8320.0,15.522
2026-01-12 03:00:00,CMP-00267,Search,710.0,110783,4939,407,19311.0,27.199
2026-01-12 04:00:00,CMP-00268,Search,694.0,110772,4947,352,17821.0,25.679
2026-01-12 05:00:00,CMP-00269,Search,803.0,125981,5976,280,20595.0,25.648
2026-01-12 06:00:00,CMP-00270,Search,447.0,49034,2323,129,8395.0,18.781
2026-01-12 07:00:00,CMP-00271,Search,353.0,32210,1458,77,4198.0,11.892
2026-01-12 08:00:00,CMP-00272,Search,628.0,81747,3614,273,17119.0,27.26
2026-01-12 09:00:00,CMP-00273,Social,774.0,127723,2803,114,4287.0,5.539
2026-01-12 10:00:00,CMP-00274,Display,849.0,118839,2039,131,6858.0,8.078
2026-01-12 11:00:00,CMP-00275,Social,965.0,110428,2955,124,7689.0,7.968
2026-01-12 12:00:00,CMP-00276,Search,739.0,100333,4194,265,15808.0,21.391
2026-01-12 13:00:00,CMP-00277,Social,342.0,49582,1200,79,4156.0,12.152
2026-01-12 14:00:00,CMP-00278,Affiliate,533.0,85876,427,25,1440.0,2.702
2026-01-12 15:00:00,CMP-00279,Affiliate,508.0,73128,894,40,2455.0,4.833
2026-01-12 16:00:00,CMP-00280,Search,479.0,51564,2338,151,8744.0,18.255
2026-01-12 17:00:00,CMP-00281,Search,629.0,56670,2340,143,9525.0,15.143
2026-01-12 18:00:00,CMP-00282,Search,425.0,48869,2491,132,8077.0,19.005
2026-01-12 19:00:00,CMP-00283,Search,425.0,40842,1684,128,8078.0,19.007
2026-01-12 20:00:00,CMP-00284,Social,1120.0,183348,5124,239,17957.0,16.033
2026-01-12 21:00:00,CMP-00285,Social,459.0,53187,1859,109,7224.0,15.739
2026-01-12 22:00:00,CMP-00286,Search,800.0,89540,4470,237,17872.0,22.34
2026-01-12 23:00:00,CMP-00287,Social,823.0,80902,1972,108,5538.0,6.729
2026-01-13 00:00:00,CMP-00288,Social,540.0,70380,1399,101,4250.0,7.87
2026-01-13 01:00:00,CMP-00289,Search,434.0,50867,2063,114,6452.0,14.866
2026-01-13 02:00:00,CMP-00290,Display,291.0,21590,222,14,780.0,2.68
2026-01-13 03:00:00,CMP-00291,Search,176.0,27387,1134,101,7332.0,41.659
2026-01-13 04:00:00,CMP-00292,Affiliate,652.0,64868,579,24,1121.0,1.719
2026-01-13 05:00:00,CMP-00293,Search,586.0,63044,2752,104,5950.0,10.154
2026-01-13 06:00:00,CMP-00294,Display,701.0,57918,665,28,1737.0,2.478
2026-01-13 07:00:00,CMP-00295,Affiliate,365.0,44118,641,17,1003.0,2.748
2026-01-13 08:00:00,CMP-00296,Affiliate,1177.0,161515,1139,29,1632.0,1.387
2026-01-13 09:00:00,CMP-00297,Display,612.0,96040,897,43,2648.0,4.327
2026-01-13 10:00:00,CMP-00298,Display,450.0,29554,372,19,1307.0,2.904
2026-01-13 11:00:00,CMP-00299,Social,123.0,20549,469,32,2347.0,19.081
2026-01-13 12:00:00,CMP-00300,Display,388.0,53318,1022,60,3500.0,9.021
2026-01-13 13:00:00,CMP-00301,Search,718.0,65533,2979,190,9470.0,13.189
2026-01-13 14:00:00,CMP-00302,Social,952.0,78532,1428,63,4621.0,4.854
2026-01-13 15:00:00,CMP-00303,Social,488.0,45173,1200,65,3070.0,6.291
2026-01-13 16:00:00,CMP-00304,Affiliate,1030.0,161019,2272,172,13056.0,12.676
2026-01-13 17:00:00,CMP-00305,Social,279.0,25682,668,43,3072.0,11.011
2026-01-13 18:00:00,CMP-00306,Social,595.0,65991,1342,87,6342.0,10.659
2026-01-13 19:00:00,CMP-00307,Social,603.0,82991,2669,94,6096.0,10.109
2026-01-13 20:00:00,CMP-00308,Search,654.0,101970,4067,283,10436.0,15.957
2026-01-13 21:00:00,CMP-00309,Search,524.0,69400,3299,243,11569.0,22.078
2026-01-13 22:00:00,CMP-00310,Social,578.0,82562,2102,123,7511.0,12.995
2026-01-13 23:00:00,CMP-00311,Social,275.0,21743,599,36,1845.0,6.709
2026-01-14 00:00:00,CMP-00312,Search,906.0,141802,7396,385,21116.0,23.307
2026-01-14 01:00:00,CMP-00313,Social,761.0,68740,1872,93,5964.0,7.837
2026-01-14 02:00:00,CMP-00314,Social,566.0,41952,860,52,2928.0,5.173
2026-01-14 03:00:00,CMP-00315,Search,770.0,128887,6339,371,16995.0,22.071
2026-01-14 04:00:00,CMP-00316,Social,921.0,75688,1678,117,7822.0,8.493
2026-01-14 05:00:00,CMP-00317,Display,650.0,48770,639,45,2842.0,4.372
2026-01-14 06:00:00,CMP-00318,Search,1241.0,159918,6433,362,20095.0,16.193
2026-01-14 07:00:00,CMP-00319,Affiliate,677.0,64365,485,28,1823.0,2.693
2026-01-14 08:00:00,CMP-00320,Affiliate,300.0,22400,266,5,295.0,0.983
2026-01-14 09:00:00,CMP-00321,Social,552.0,69620,1876,80,5705.0,10.335
2026-01-14 10:00:00,CMP-00322,Search,785.0,112638,4267,228,13569.0,17.285
2026-01-14 11:00:00,CMP-00323,Social,921.0,135618,3589,295,21016.0,22.819
2026-01-14 12:00:00,CMP-00324,Display,529.0,40789,347,25,982.0,1.856
2026-01-14 13:00:00,CMP-00325,Display,286.0,34679,571,47,2942.0,10.287
2026-01-14 14:00:00,CMP-00326,Display,429.0,64137,647,34,1837.0,4.282
2026-01-14 15:00:00,CMP-00327,Social,216.0,16787,318,14,692.0,3.204
2026-01-14 16:00:00,CMP-00328,Social,713.0,59068,1463,95,6611.0,9.272
2026-01-14 17:00:00,CMP-00329,Search,386.0,23262,974,52,3478.0,9.01
2026-01-14 18:00:00,CMP-00330,Display,327.0,38491,664,40,1517.0,4.639
2026-01-14 19:00:00,CMP-00331,Search,748.0,60898,2790,89,5799.0,7.753
2026-01-14 20:00:00,CMP-00332,Display,1020.0,142460,1637,104,6650.0,6.52
2026-01-14 21:00:00,CMP-00333,Affiliate,326.0,54064,801,37,1878.0,5.761
2026-01-14 22:00:00,CMP-00334,Search,531.0,44053,1785,103,5114.0,9.631
2026-01-14 23:00:00,CMP-00335,Social,439.0,57684,1158,85,3578.0,8.15
2026-01-15 00:00:00,CMP-00336,Search,943.0,78553,3721,265,14476.0,15.351
2026-01-15 01:00:00,CMP-00337,Display,466.0,28883,219,16,900.0,1.931
2026-01-15 02:00:00,CMP-00338,Search,271.0,38872,1576,99,6531.0,24.1
2026-01-15 03:00:00,CMP-00339,Affiliate,478.0,51499,818,26,1578.0,3.301
2026-01-15 04:00:00,CMP-00340,Search,845.0,138703,6476,383,18155.0,21.485
2026-01-15 05:00:00,CMP-00341,Affiliate,425.0,50477,346,24,1449.0,3.409
2026-01-15 06:00:00,CMP-00342,Display,345.0,26676,246,13,721.0,2.09
2026-01-15 07:00:00,CMP-00343,Social,455.0,49811,1018,57,2773.0,6.095
2026-01-15 08:00:00,CMP-00344,Display,276.0,22719,461,32,1347.0,4.88
2026-01-15 09:00:00,CMP-00345,Display,439.0,68740,1065,69,4433.0,10.098
2026-01-15 10:00:00,CMP-00346,Affiliate,360.0,48959,526,29,1811.0,5.031
2026-01-15 11:00:00,CMP-00347,Search,1355.0,132161,6275,260,16528.0,12.198
2026-01-15 12:00:00,CMP-00348,Social,143.0,16882,348,23,1167.0,8.161
2026-01-15 13:00:00,CMP-00349,Search,299.0,39959,1687,73,4359.0,14.579
2026-01-15 14:00:00,CMP-00350,Social,345.0,50409,1255,43,1903.0,5.516
2026-01-15 15:00:00,CMP-00351,Search,277.0,19062,888,61,2936.0,10.599
2026-01-15 16:00:00,CMP-00352,Social,598.0,37361,914,36,2100.0,3.512
2026-01-15 17:00:00,CMP-00353,Social,323.0,23446,614,29,1758.0,5.443
2026-01-15 18:00:00,CMP-00354,Social,202.0,20896,541,23,959.0,4.748
2026-01-15 19:00:00,CMP-00355,Social,507.0,56448,1442,78,3699.0,7.296
2026-01-15 20:00:00,CMP-00356,Display,412.0,30904,346,18,978.0,2.374
2026-01-15 21:00:00,CMP-00357,Display,331.0,34830,359,24,1622.0,4.9
2026-01-15 22:00:00,CMP-00358,Social,931.0,101086,2575,152,7580.0,8.142
2026-01-15 23:00:00,CMP-00359,Social,608.0,43775,1171,88,5228.0,8.599
2026-01-16 00:00:00,CMP-00360,Affiliate,574.0,92317,1224,55,3325.0,5.793
2026-01-16 01:00:00,CMP-00361,Search,615.0,77432,3144,196,10879.0,17.689
2026-01-16 02:00:00,CMP-00362,Search,599.0,61540,2506,68,4126.0,6.888
2026-01-16 03:00:00,CMP-00363,Search,424.0,49082,2333,90,4010.0,9.458
2026-01-16 04:00:00,CMP-00364,Display,325.0,30732,529,35,1800.0,5.538
2026-01-16 05:00:00,CMP-00365,Social,513.0,78989,2066,104,7524.0,14.667
2026-01-16 06:00:00,CMP-00366,Display,419.0,51642,554,32,2338.0,5.58
2026-01-16 07:00:00,CMP-00367,Display,142.0,16250,200,12,797.0,5.613
2026-01-16 08:00:00,CMP-00368,Search,263.0,42131,1701,89,6141.0,23.35
2026-01-16 09:00:00,CMP-00369,Affiliate,391.0,59501,1038,57,2265.0,5.793
2026-01-16 10:00:00,CMP-00370,Display,756.0,112952,1357,50,2426.0,3.209
2026-01-16 11:00:00,CMP-00371,Search,514.0,43595,1882,118,6477.0,12.601
2026-01-16 12:00:00,CMP-00372,Social,293.0,22515,529,36,2958.0,10.096
2026-01-16 13:00:00,CMP-00373,Search,250.0,33977,1437,102,5597.0,22.388
2026-01-16 14:00:00,CMP-00374,Search,837.0,93367,4644,340,22253.0,26.587
2026-01-16 15:00:00,CMP-00375,Search,434.0,58680,2604,163,10071.0,23.205
2026-01-16 16:00:00,CMP-00376,Affiliate,60.0,8620,129,5,308.0,5.133
2026-01-16 17:00:00,CMP-00377,Social,449.0,41525,1174,82,4737.0,10.55
2026-01-16 18:00:00,CMP-00378,Social,675.0,61635,1340,41,1886.0,2.794
2026-01-16 19:00:00,CMP-00379,Display,245.0,27927,374,29,899.0,3.669
2026-01-16 20:00:00,CMP-00380,Social,494.0,44504,1152,43,3045.0,6.164
2026-01-16 21:00:00,CMP-00381,Affiliate,518.0,69102,431,20,1037.0,2.002
2026-01-16 22:00:00,CMP-00382,Display,254.0,36103,494,33,1298.0,5.11
2026-01-16 23:00:00,CMP-00383,Social,875.0,97933,2470,132,8234.0,9.41
2026-01-17 00:00:00,CMP-00384,Social,523.0,73020,1876,112,6965.0,13.317
2026-01-17 01:00:00,CMP-00385,Affiliate,390.0,45297,560,26,1708.0,4.379
2026-01-17 02:00:00,CMP-00386,Display,436.0,60349,790,42,2905.0,6.663
2026-01-17 03:00:00,CMP-00387,Affiliate,226.0,19152,307,12,586.0,2.593
2026-01-17 04:00:00,CMP-00388,Search,220.0,31080,1192,59,2906.0,13.209
2026-01-17 05:00:00,CMP-00389,Affiliate,371.0,51444,522,23,1261.0,3.399
2026-01-17 06:00:00,CMP-00390,Social,383.0,34212,954,80,5297.0,13.83
2026-01-17 07:00:00,CMP-00391,Search,420.0,50885,2445,124,4585.0,10.917
2026-01-17 08:00:00,CMP-00392,Social,914.0,140833,3741,108,6402.0,7.004
2026-01-17 09:00:00,CMP-00393,Display,657.0,57453,1310,104,7001.0,10.656
2026-01-17 10:00:00,CMP-00394,Search,157.0,22130,1030,53,3546.0,22.586
2026-01-17 11:00:00,CMP-00395,Social,828.0,136567,4147,242,15751.0,19.023
2026-01-17 12:00:00,CMP-00396,Display,369.0,57300,597,31,2128.0,5.767
2026-01-17 13:00:00,CMP-00397,Search,689.0,71771,2934,115,3511.0,5.096
2026-01-17 14:00:00,CMP-00398,Social,385.0,48815,1203,84,6227.0,16.174
2026-01-17 15:00:00,CMP-00399,Social,506.0,85561,2412,132,8092.0,15.992
2026-01-17 16:00:00,CMP-00400,Search,236.0,28916,1311,41,2925.0,12.394
2026-01-17 17:00:00,CMP-00401,Affiliate,564.0,40976,542,28,1295.0,2.296
2026-01-17 18:00:00,CMP-00402,Display,728.0,47318,510,31,1254.0,1.723
2026-01-17 19:00:00,CMP-00403,Search,177.0,26007,1077,67,5083.0,28.718
2026-01-17 20:00:00,CMP-00404,Affiliate,734.0,78243,867,33,1608.0,2.191
2026-01-17 21:00:00,CMP-00405,Affiliate,324.0,28236,432,23,1263.0,3.898
2026-01-17 22:00:00,CMP-00406,Search,1060.0,104138,5071,210,13288.0,12.536
2026-01-17 23:00:00,CMP-00407,Display,695.0,99601,790,52,3418.0,4.918
2026-01-18 00:00:00,CMP-00408,Search,635.0,70597,3242,191,13138.0,20.69
2026-01-18 01:00:00,CMP-00409,Affiliate,437.0,67968,601,21,1265.0,2.895
2026-01-18 02:00:00,CMP-00410,Display,1479.0,208305,2892,195,9254.0,6.257
2026-01-18 03:00:00,CMP-00411,Display,370.0,61842,721,32,2082.0,5.627
2026-01-18 04:00:00,CMP-00412,Search,267.0,42115,2181,104,6783.0,25.404
2026-01-18 05:00:00,CMP-00413,Affiliate,330.0,29040,293,13,518.0,1.57
2026-01-18 06:00:00,CMP-00414,Search,794.0,105202,4838,209,15087.0,19.001
2026-01-18 07:00:00,CMP-00415,Search,501.0,31192,1455,101,3346.0,6.679
2026-01-18 08:00:00,CMP-00416,Search,463.0,78257,3252,187,12780.0,27.603
2026-01-18 09:00:00,CMP-00417,Display,373.0,33089,325,15,775.0,2.078
2026-01-18 10:00:00,CMP-00418,Search,450.0,59907,2629,145,9433.0,20.962
2026-01-18 11:00:00,CMP-00419,Affiliate,359.0,55073,549,29,1830.0,5.097
2026-01-18 12:00:00,CMP-00420,Display,665.0,51637,527,23,1325.0,1.992
2026-01-18 13:00:00,CMP-00421,Search,415.0,63605,3200,183,11439.0,27.564
2026-01-18 14:00:00,CMP-00422,Search,334.0,20489,884,56,3200.0,9.581
2026-01-18 15:00:00,CMP-00423,Search,761.0,82657,3933,291,18956.0,24.909
2026-01-18 16:00:00,CMP-00424,Social,272.0,30443,727,25,1996.0,7.338
2026-01-18 17:00:00,CMP-00425,Display,504.0,50979,312,20,892.0,1.77
2026-01-18 18:00:00,CMP-00426,Search,141.0,17554,801,55,1437.0,10.191
2026-01-18 19:00:00,CMP-00427,Display,210.0,33732,203,21,1131.0,5.386
2026-01-18 20:00:00,CMP-00428,Search,392.0,37619,1737,154,8187.0,20.885
2026-01-18 21:00:00,CMP-00429,Display,356.0,44043,457,21,1139.0,3.199
2026-01-18 22:00:00,CMP-00430,Affiliate,355.0,55564,696,58,2827.0,7.963
2026-01-18 23:00:00,CMP-00431,Display,698.0,101230,720,42,2802.0,4.014
2026-01-19 00:00:00,CMP-00432,Display,719.0,46361,543,31,1370.0,1.905
2026-01-19 01:00:00,CMP-00433,Display,555.0,90857,1380,108,6751.0,12.164
2026-01-19 02:00:00,CMP-00434,Search,263.0,17129,704,34,2189.0,8.323
2026-01-19 03:00:00,CMP-00435,Search,448.0,55894,2391,149,9114.0,20.344
2026-01-19 04:00:00,CMP-00436,Search,1134.0,139809,6592,459,28858.0,25.448
2026-01-19 05:00:00,CMP-00437,Social,1406.0,205983,5568,299,20180.0,14.353
2026-01-19 06:00:00,CMP-00438,Display,765.0,58391,140,3,176.0,0.23
2026-01-19 07:00:00,CMP-00439,Social,269.0,21447,722,29,1582.0,5.881
2026-01-19 08:00:00,CMP-00440,Affiliate,450.0,64229,907,49,3080.0,6.844
2026-01-19 09:00:00,CMP-00441,Search,536.0,40974,1933,104,6656.0,12.418
2026-01-19 10:00:00,CMP-00442,Display,496.0,55372,653,30,2007.0,4.046
2026-01-19 11:00:00,CMP-00443,Search,805.0,113087,4230,225,9197.0,11.425
2026-01-19 12:00:00,CMP-00444,Search,683.0,89907,4278,235,13199.0,19.325
2026-01-19 13:00:00,CMP-00445,Display,261.0,21706,191,7,331.0,1.268
2026-01-19 14:00:00,CMP-00446,Affiliate,338.0,31581,394,17,1081.0,3.198
2026-01-19 15:00:00,CMP-00447,Social,763.0,127106,3095,107,6984.0,9.153
2026-01-19 16:00:00,CMP-00448,Search,929.0,101589,4572,325,17958.0,19.33
2026-01-19 17:00:00,CMP-00449,Social,540.0,35040,770,35,1775.0,3.287
2026-01-19 18:00:00,CMP-00450,Search,986.0,82976,3924,173,11067.0,11.224
2026-01-19 19:00:00,CMP-00451,Affiliate,509.0,49712,380,8,453.0,0.89
2026-01-19 20:00:00,CMP-00452,Display,288.0,48943,1036,71,5131.0,17.816
2026-01-19 21:00:00,CMP-00453,Search,652.0,60829,3391,222,16812.0,25.785
2026-01-19 22:00:00,CMP-00454,Search,1716.0,107942,5485,330,22442.0,13.078
2026-01-19 23:00:00,CMP-00455,Search,227.0,26427,1333,86,5188.0,22.855
2026-01-20 00:00:00,CMP-00456,Affiliate,968.0,66982,751,53,4042.0,4.176
2026-01-20 01:00:00,CMP-00457,Social,634.0,57153,1699,106,6403.0,10.099
2026-01-20 02:00:00,CMP-00458,Display,327.0,55316,621,32,1703.0,5.208
2026-01-20 03:00:00,CMP-00459,Social,143.0,19663,379,28,1435.0,10.035
2026-01-20 04:00:00,CMP-00460,Social,108.0,7081,220,14,714.0,6.611
2026-01-20 05:00:00,CMP-00461,Search,355.0,38821,1880,132,7648.0,21.544
2026-01-20 06:00:00,CMP-00462,Affiliate,582.0,45908,518,26,1628.0,2.797
2026-01-20 07:00:00,CMP-00463,Search,736.0,54113,2153,156,6840.0,9.293
2026-01-20 08:00:00,CMP-00464,Social,821.0,102277,2230,163,8722.0,10.624
2026-01-20 09:00:00,CMP-00465,Display,556.0,64285,283,9,541.0,0.973
2026-01-20 10:00:00,CMP-00466,Social,513.0,72699,2118,186,11985.0,23.363
2026-01-20 11:00:00,CMP-00467,Affiliate,399.0,63103,349,27,1559.0,3.907
2026-01-20 12:00:00,CMP-00468,Search,590.0,51409,2401,168,10155.0,17.212
2026-01-20 13:00:00,CMP-00469,Social,330.0,53304,1151,47,2144.0,6.497
2026-01-20 14:00:00,CMP-00470,Social,234.0,27373,514,43,2102.0,8.983
2026-01-20 15:00:00,CMP-00471,Social,497.0,43970,1205,57,3271.0,6.581
2026-01-20 16:00:00,CMP-00472,Search,708.0,108349,4723,252,15903.0,22.462
2026-01-20 17:00:00,CMP-00473,Search,205.0,13101,656,21,1267.0,6.18
2026-01-20 18:00:00,CMP-00474,Search,355.0,43148,1748,93,4605.0,12.972
2026-01-20 19:00:00,CMP-00475,Search,487.0,67877,2877,132,7344.0,15.08
2026-01-20 20:00:00,CMP-00476,Social,482.0,43764,668,47,3437.0,7.131
2026-01-20 21:00:00,CMP-00477,Social,625.0,96865,1585,78,4949.0,7.918
2026-01-20 22:00:00,CMP-00478,Social,1118.0,96630,3210,231,13023.0,11.648
2026-01-20 23:00:00,CMP-00479,Social,109.0,16610,589,31,1480.0,13.578
2026-01-21 00:00:00,CMP-00480,Social,1143.0,78455,1990,153,7783.0,6.809
2026-01-21 01:00:00,CMP-00481,Search,1093.0,84808,3541,137,7955.0,7.278
2026-01-21 02:00:00,CMP-00482,Social,742.0,75615,1774,133,8081.0,10.891
2026-01-21 03:00:00,CMP-00483,Search,535.0,82361,4001,111,7066.0,13.207
2026-01-21 04:00:00,CMP-00484,Search,334.0,25352,1111,55,3403.0,10.189
2026-01-21 05:00:00,CMP-00485,Social,737.0,115191,3002,151,8199.0,11.125
2026-01-21 06:00:00,CMP-00486,Social,549.0,46813,1198,78,4125.0,7.514
2026-01-21 07:00:00,CMP-00487,Search,403.0,44239,1885,92,7219.0,17.913
2026-01-21 08:00:00,CMP-00488,Social,728.0,71926,1634,69,3618.0,4.97
2026-01-21 09:00:00,CMP-00489,Social,791.0,57738,1481,65,2930.0,3.704
2026-01-21 10:00:00,CMP-00490,Display,68.0,11143,89,5,208.0,3.059
2026-01-21 11:00:00,CMP-00491,Social,925.0,100084,2647,147,8007.0,8.656
2026-01-21 12:00:00,CMP-00492,Display,313.0,42548,439,25,1685.0,5.383
2026-01-21 13:00:00,CMP-00493,Search,866.0,106759,4725,279,14575.0,16.83
2026-01-21 14:00:00,CMP-00494,Display,407.0,46881,779,49,3566.0,8.762
2026-01-21 15:00:00,CMP-00495,Social,535.0,68385,1584,62,3591.0,6.712
2026-01-21 16:00:00,CMP-00496,Social,590.0,93702,2669,124,8568.0,14.522
2026-01-21 17:00:00,CMP-00497,Social,831.0,113784,1936,121,6101.0,7.342
2026-01-21 18:00:00,CMP-00498,Social,690.0,81815,1848,117,5918.0,8.577
2026-01-21 19:00:00,CMP-00499,Social,400.0,52388,1318,64,3770.0,9.425
2026-01-21 20:00:00,CMP-00500,Display,119.0,15077,303,25,1571.0,13.202
2026-01-21 21:00:00,CMP-00501,Affiliate,622.0,66954,274,11,618.0,0.994
2026-01-21 22:00:00,CMP-00502,Affiliate,524.0,67451,773,37,2254.0,4.302
2026-01-21 23:00:00,CMP-00503,Social,225.0,24478,747,41,2619.0,11.64
2026-01-22 00:00:00,CMP-00504,Social,557.0,79839,1756,85,3723.0,6.684
2026-01-22 01:00:00,CMP-00505,Display,484.0,80624,935,43,2347.0,4.849
2026-01-22 02:00:00,CMP-00506,Search,921.0,152503,7057,324,17111.0,18.579
2026-01-22 03:00:00,CMP-00507,Display,1182.0,177632,2301,97,5170.0,4.374
2026-01-22 04:00:00,CMP-00508,Social,781.0,98557,3067,167,10365.0,13.271
2026-01-22 05:00:00,CMP-00509,Search,469.0,66798,3176,225,11914.0,25.403
2026-01-22 06:00:00,CMP-00510,Search,507.0,40349,2025,128,4858.0,9.582
2026-01-22 07:00:00,CMP-00511,Display,307.0,34596,370,28,1558.0,5.075
2026-01-22 08:00:00,CMP-00512,Search,340.0,30023,1254,83,3931.0,11.562
2026-01-22 09:00:00,CMP-00513,Search,455.0,27474,1219,69,4344.0,9.547
2026-01-22 10:00:00,CMP-00514,Search,430.0,71526,2737,87,5747.0,13.365
2026-01-22 11:00:00,CMP-00515,Search,218.0,33795,1564,75,2719.0,12.472
2026-01-22 12:00:00,CMP-00516,Search,926.0,107885,4696,198,9951.0,10.746
2026-01-22 13:00:00,CMP-00517,Display,991.0,87165,826,39,2400.0,2.422
2026-01-22 14:00:00,CMP-00518,Search,911.0,124103,5755,396,17389.0,19.088
2026-01-22 15:00:00,CMP-00519,Display,1007.0,108582,842,58,3818.0,3.791
2026-01-22 16:00:00,CMP-00520,Affiliate,1354.0,200890,3045,267,18288.0,13.507
2026-01-22 17:00:00,CMP-00521,Social,310.0,52683,1143,47,2650.0,8.548
2026-01-22 18:00:00,CMP-00522,Search,1324.0,130280,6525,483,24276.0,18.335
2026-01-22 19:00:00,CMP-00523,Social,398.0,34579,791,55,1919.0,4.822
2026-01-22 20:00:00,CMP-00524,Search,669.0,59816,2821,139,9193.0,13.741
2026-01-22 21:00:00,CMP-00525,Social,186.0,13069,327,19,1482.0,7.968
2026-01-22 22:00:00,CMP-00526,Affiliate,371.0,38341,525,38,2886.0,7.779
2026-01-22 23:00:00,CMP-00527,Affiliate,792.0,49038,589,31,1738.0,2.194
2026-01-23 00:00:00,CMP-00528,Display,686.0,49792,251,11,518.0,0.755
2026-01-23 01:00:00,CMP-00529,Search,394.0,35415,1718,73,4845.0,12.297
2026-01-23 02:00:00,CMP-00530,Display,507.0,39335,458,16,908.0,1.791
2026-01-23 03:00:00,CMP-00531,Display,349.0,49047,776,41,2574.0,7.375
2026-01-23 04:00:00,CMP-00532,Social,791.0,56648,1566,67,4089.0,5.169
2026-01-23 05:00:00,CMP-00533,Social,957.0,148583,3309,141,8309.0,8.682
2026-01-23 06:00:00,CMP-00534,Search,311.0,26224,1131,91,6214.0,19.981
2026-01-23 07:00:00,CMP-00535,Search,480.0,34533,1656,50,3433.0,7.152
2026-01-23 08:00:00,CMP-00536,Social,212.0,12955,305,18,950.0,4.481
2026-01-23 09:00:00,CMP-00537,Search,548.0,75992,3686,247,12046.0,21.982
2026-01-23 10:00:00,CMP-00538,Search,634.0,55936,2568,132,4357.0,6.872
2026-01-23 11:00:00,CMP-00539,Display,571.0,66261,1058,41,2236.0,3.916
2026-01-23 12:00:00,CMP-00540,Affiliate,608.0,43944,609,20,941.0,1.548
2026-01-23 13:00:00,CMP-00541,Social,453.0,76277,2004,123,7650.0,16.887
2026-01-23 14:00:00,CMP-00542,Display,459.0,33870,351,17,929.0,2.024
2026-01-23 15:00:00,CMP-00543,Affiliate,448.0,47179,635,32,1783.0,3.98
2026-01-23 16:00:00,CMP-00544,Search,364.0,55940,2854,181,11968.0,32.879
2026-01-23 17:00:00,CMP-00545,Social,390.0,33905,855,47,2913.0,7.469
2026-01-23 18:00:00,CMP-00546,Social,619.0,55318,1534,51,2898.0,4.682
2026-01-23 19:00:00,CMP-00547,Search,926.0,137913,6383,434,32491.0,35.087
2026-01-23 20:00:00,CMP-00548,Display,280.0,25218,304,19,1242.0,4.436
2026-01-23 21:00:00,CMP-00549,Social,458.0,27624,861,45,2423.0,5.29
2026-01-23 22:00:00,CMP-00550,Social,246.0,26339,780,52,2823.0,11.476
2026-01-23 23:00:00,CMP-00551,Search,368.0,22587,1054,87,5732.0,15.576
2026-01-24 00:00:00,CMP-00552,Search,402.0,64351,2926,196,11766.0,29.269
2026-01-24 01:00:00,CMP-00553,Affiliate,528.0,68956,642,25,1170.0,2.216
2026-01-24 02:00:00,CMP-00554,Search,520.0,64548,2836,85,5691.0,10.944
2026-01-24 03:00:00,CMP-00555,Search,478.0,39279,1848,78,5505.0,11.517
2026-01-24 04:00:00,CMP-00556,Search,593.0,81237,3921,215,15010.0,25.312
2026-01-24 05:00:00,CMP-00557,Social,296.0,39811,1076,100,7343.0,24.807
2026-01-24 06:00:00,CMP-00558,Social,530.0,35325,730,29,2282.0,4.306
2026-01-24 07:00:00,CMP-00559,Social,695.0,109040,3128,135,10165.0,14.626
2026-01-24 08:00:00,CMP-00560,Search,294.0,36378,1559,78,4790.0,16.293
2026-01-24 09:00:00,CMP-00561,Search,163.0,23988,985,45,2516.0,15.436
2026-01-24 10:00:00,CMP-00562,Display,788.0,70069,1254,79,3137.0,3.981
2026-01-24 11:00:00,CMP-00563,Social,250.0,18356,592,24,1395.0,5.58
2026-01-24 12:00:00,CMP-00564,Social,358.0,49142,1331,83,5245.0,14.651
2026-01-24 13:00:00,CMP-00565,Display,685.0,100919,1504,96,5610.0,8.19
2026-01-24 14:00:00,CMP-00566,Display,285.0,29202,450,36,1408.0,4.94
2026-01-24 15:00:00,CMP-00567,Search,761.0,47643,2357,96,5293.0,6.955
2026-01-24 16:00:00,CMP-00568,Social,330.0,49502,1376,99,6381.0,19.336
2026-01-24 17:00:00,CMP-00569,Social,307.0,25379,500,46,2196.0,7.153
2026-01-24 18:00:00,CMP-00570,Search,246.0,23934,1307,72,4295.0,17.459
2026-01-24 19:00:00,CMP-00571,Display,331.0,42733,714,25,1558.0,4.707
2026-01-24 20:00:00,CMP-00572,Social,640.0,45436,992,41,2836.0,4.431
2026-01-24 21:00:00,CMP-00573,Display,358.0,24315,193,13,977.0,2.729
2026-01-24 22:00:00,CMP-00574,Affiliate,790.0,49633,719,32,1735.0,2.196
2026-01-24 23:00:00,CMP-00575,Social,488.0,78485,1923,107,6403.0,13.121
2026-01-25 00:00:00,CMP-00576,Affiliate,510.0,48068,667,27,1624.0,3.184
2026-01-25 01:00:00,CMP-00577,Social,302.0,40067,1129,87,5611.0,18.579
2026-01-25 02:00:00,CMP-00578,Affiliate,848.0,143155,1379,68,4309.0,5.081
2026-01-25 03:00:00,CMP-00579,Search,698.0,93280,3891,211,15245.0,21.841
2026-01-25 04:00:00,CMP-00580,Social,688.0,81019,2223,100,3469.0,5.042
2026-01-25 05:00:00,CMP-00581,Social,440.0,51612,1139,62,3855.0,8.761
2026-01-25 06:00:00,CMP-00582,Search,228.0,23133,1003,35,2201.0,9.654
2026-01-25 07:00:00,CMP-00583,Social,524.0,66011,1306,64,3561.0,6.796
2026-01-25 08:00:00,CMP-00584,Affiliate,626.0,103582,1148,48,1697.0,2.711
2026-01-25 09:00:00,CMP-00585,Social,629.0,92264,2586,190,10904.0,17.335
2026-01-25 10:00:00,CMP-00586,Search,587.0,62612,2993,173,8805.0,15.0
2026-01-25 11:00:00,CMP-00587,Search,575.0,55527,2339,163,12189.0,21.198
2026-01-25 12:00:00,CMP-00588,Search,329.0,51715,2114,107,6608.0,20.085
2026-01-25 13:00:00,CMP-00589,Search,338.0,25328,1166,53,2652.0,7.846
2026-01-25 14:00:00,CMP-00590,Affiliate,248.0,38056,529,23,862.0,3.476
2026-01-25 15:00:00,CMP-00591,Social,794.0,69918,1896,122,7797.0,9.82
2026-01-25 16:00:00,CMP-00592,Search,1155.0,160220,6951,436,28323.0,24.522
2026-01-25 17:00:00,CMP-00593,Social,1700.0,252763,6449,392,21890.0,12.876
2026-01-25 18:00:00,CMP-00594,Search,543.0,61071,3143,188,12039.0,22.171
2026-01-25 19:00:00,CMP-00595,Search,575.0,46661,2185,107,5833.0,10.144
2026-01-25 20:00:00,CMP-00596,Display,449.0,68663,386,23,1579.0,3.517
2026-01-25 21:00:00,CMP-00597,Social,539.0,54129,1443,92,6249.0,11.594
2026-01-25 22:00:00,CMP-00598,Affiliate,284.0,27058,565,21,874.0,3.077
2026-01-25 23:00:00,CMP-00599,Social,444.0,51549,1039,61,2687.0,6.052
2026-01-26 00:00:00,CMP-00600,Social,308.0,33220,847,57,4464.0,14.494
2026-01-26 01:00:00,CMP-00601,Display,414.0,55946,619,43,2895.0,6.993
2026-01-26 02:00:00,CMP-00602,Affiliate,323.0,24254,302,7,318.0,0.985
2026-01-26 03:00:00,CMP-00603,Display,626.0,67561,825,53,2242.0,3.581
2026-01-26 04:00:00,CMP-00604,Affiliate,666.0,105286,1762,53,3184.0,4.781
2026-01-26 05:00:00,CMP-00605,Display,567.0,36269,425,33,1537.0,2.711
2026-01-26 06:00:00,CMP-00606,Affiliate,338.0,37283,631,28,1535.0,4.541
2026-01-26 07:00:00,CMP-00607,Search,238.0,31572,1326,63,3624.0,15.227
2026-01-26 08:00:00,CMP-00608,Display,669.0,105466,1089,47,2683.0,4.01
2026-01-26 09:00:00,CMP-00609,Social,487.0,61029,1371,63,4364.0,8.961
2026-01-26 10:00:00,CMP-00610,Social,159.0,23960,419,26,1985.0,12.484
2026-01-26 11:00:00,CMP-00611,Display,522.0,44106,607,26,1383.0,2.649
2026-01-26 12:00:00,CMP-00612,Affiliate,578.0,57111,1087,74,3455.0,5.978
2026-01-26 13:00:00,CMP-00613,Affiliate,193.0,31581,452,19,1176.0,6.093
2026-01-26 14:00:00,CMP-00614,Search,632.0,99512,4776,263,19545.0,30.926
2026-01-26 15:00:00,CMP-00615,Display,211.0,25610,268,13,702.0,3.327
2026-01-26 16:00:00,CMP-00616,Display,318.0,35712,417,23,1530.0,4.811
2026-01-26 17:00:00,CMP-00617,Search,212.0,23238,1182,78,3871.0,18.259
2026-01-26 18:00:00,CMP-00618,Search,300.0,19940,1070,37,2154.0,7.18
2026-01-26 19:00:00,CMP-00619,Search,239.0,37800,1870,113,5241.0,21.929
2026-01-26 20:00:00,CMP-00620,Display,792.0,118797,1867,94,5462.0,6.896
2026-01-26 21:00:00,CMP-00621,Social,427.0,47050,1183,68,3865.0,9.052
2026-01-26 22:00:00,CMP-00622,Affiliate,380.0,34480,493,22,1410.0,3.711
2026-01-26 23:00:00,CMP-00623,Social,829.0,81010,1758,110,8336.0,10.055
2026-01-27 00:00:00,CMP-00624,Affiliate,808.0,59426,388,33,1786.0,2.21
2026-01-27 01:00:00,CMP-00625,Social,396.0,55201,1146,61,2318.0,5.854
2026-01-27 02:00:00,CMP-00626,Display,561.0,68012,793,37,2071.0,3.692
2026-01-27 03:00:00,CMP-00627,Search,353.0,30270,1380,78,4757.0,13.476
2026-01-27 04:00:00,CMP-00628,Social,462.0,59381,1091,45,2701.0,5.846
2026-01-27 05:00:00,CMP-00629,Display,264.0,44276,520,39,2201.0,8.337
2026-01-27 06:00:00,CMP-00630,Affiliate,602.0,44225,498,32,2332.0,3.874
2026-01-27 07:00:00,CMP-00631,Display,845.0,93316,665,26,1543.0,1.826
2026-01-27 08:00:00,CMP-00632,Search,772.0,88283,3833,178,10137.0,13.131
2026-01-27 09:00:00,CMP-00633,Social,498.0,39017,909,43,2160.0,4.337
2026-01-27 10:00:00,CMP-00634,Search,149.0,17652,740,54,2189.0,14.691
2026-01-27 11:00:00,CMP-00635,Search,344.0,43570,2164,108,6620.0,19.244
2026-01-27 12:00:00,CMP-00636,Display,461.0,35638,152,11,665.0,1.443
2026-01-27 13:00:00,CMP-00637,Display,221.0,17021,61,0,0.0,0.0
2026-01-27 14:00:00,CMP-00638,Display,199.0,30685,396,14,806.0,4.05
2026-01-27 15:00:00,CMP-00639,Affiliate,960.0,90482,1157,55,3111.0,3.241
2026-01-27 16:00:00,CMP-00640,Display,728.0,94157,1232,93,4813.0,6.611
2026-01-27 17:00:00,CMP-00641,Display,626.0,80719,738,41,2053.0,3.28
2026-01-27 18:00:00,CMP-00642,Search,686.0,104483,4373,214,13279.0,19.357
2026-01-27 19:00:00,CMP-00643,Search,244.0,34498,1533,108,6020.0,24.672
2026-01-27 20:00:00,CMP-00644,Social,294.0,44824,1034,62,3230.0,10.986
2026-01-27 21:00:00,CMP-00645,Affiliate,544.0,70052,1276,55,2716.0,4.993
2026-01-27 22:00:00,CMP-00646,Search,566.0,61943,2657,188,10660.0,18.834
2026-01-27 23:00:00,CMP-00647,Social,213.0,22001,539,42,2824.0,13.258
2026-01-28 00:00:00,CMP-00648,Display,524.0,53287,1184,84,5046.0,9.63
2026-01-28 01:00:00,CMP-00649,Search,466.0,49406,2217,116,6453.0,13.848
2026-01-28 02:00:00,CMP-00650,Social,760.0,56410,1528,70,4276.0,5.626
2026-01-28 03:00:00,CMP-00651,Affiliate,567.0,60462,886,40,2866.0,5.055
2026-01-28 04:00:00,CMP-00652,Display,1014.0,104278,1506,66,4152.0,4.095
2026-01-28 05:00:00,CMP-00653,Search,398.0,25393,1168,84,5091.0,12.791
2026-01-28 06:00:00,CMP-00654,Affiliate,253.0,22836,304,24,1545.0,6.107
2026-01-28 07:00:00,CMP-00655,Search,1001.0,142852,6533,334,18844.0,18.825
2026-01-28 08:00:00,CMP-00656,Affiliate,582.0,71920,700,31,1855.0,3.187
2026-01-28 09:00:00,CMP-00657,Search,467.0,69432,3316,227,12056.0,25.816
2026-01-28 10:00:00,CMP-00658,Social,301.0,36028,1199,101,4292.0,14.259
2026-01-28 11:00:00,CMP-00659,Social,400.0,61579,1781,144,8846.0,22.115
2026-01-28 12:00:00,CMP-00660,Search,389.0,57403,2669,79,4856.0,12.483
2026-01-28 13:00:00,CMP-00661,Affiliate,247.0,17490,287,10,551.0,2.231
2026-01-28 14:00:00,CMP-00662,Search,121.0,20263,848,61,4170.0,34.463
2026-01-28 15:00:00,CMP-00663,Search,384.0,23662,1013,55,2793.0,7.273
2026-01-28 16:00:00,CMP-00664,Search,695.0,87328,4197,309,12448.0,17.911
2026-01-28 17:00:00,CMP-00665,Display,881.0,129662,2338,176,8981.0,10.194
2026-01-28 18:00:00,CMP-00666,Display,775.0,74793,683,28,1193.0,1.539
2026-01-28 19:00:00,CMP-00667,Affiliate,797.0,100296,1019,57,3499.0,4.39
2026-01-28 20:00:00,CMP-00668,Search,264.0,26356,1379,50,2524.0,9.561
2026-01-28 21:00:00,CMP-00669,Social,549.0,36600,930,51,3460.0,6.302
2026-01-28 22:00:00,CMP-00670,Search,628.0,38264,1981,111,7508.0,11.955
2026-01-28 23:00:00,CMP-00671,Social,648.0,45641,1130,66,3218.0,4.966
2026-01-29 00:00:00,CMP-00672,Affiliate,462.0,32721,416,18,899.0,1.946
2026-01-29 01:00:00,CMP-00673,Display,515.0,65506,729,21,1330.0,2.583
2026-01-29 02:00:00,CMP-00674,Social,1196.0,140942,4076,139,9424.0,7.88
2026-01-29 03:00:00,CMP-00675,Social,763.0,84007,2571,96,3636.0,4.765
2026-01-29 04:00:00,CMP-00676,Affiliate,617.0,83980,637,29,1764.0,2.859
2026-01-29 05:00:00,CMP-00677,Social,674.0,41687,922,61,2197.0,3.26
2026-01-29 06:00:00,CMP-00678,Search,374.0,33588,1629,80,4201.0,11.233
2026-01-29 07:00:00,CMP-00679,Social,657.0,95602,2402,104,7169.0,10.912
2026-01-29 08:00:00,CMP-00680,Search,512.0,81969,3579,145,12774.0,24.949
2026-01-29 09:00:00,CMP-00681,Search,725.0,78457,3798,150,8342.0,11.506
2026-01-29 10:00:00,CMP-00682,Search,329.0,22688,1125,72,3278.0,9.964
2026-01-29 11:00:00,CMP-00683,Social,696.0,102910,2407,120,6344.0,9.115
2026-01-29 12:00:00,CMP-00684,Social,403.0,63419,1613,116,6805.0,16.886
2026-01-29 13:00:00,CMP-00685,Search,698.0,73640,2934,142,7284.0,10.436
2026-01-29 14:00:00,CMP-00686,Social,551.0,47809,972,49,2389.0,4.336
2026-01-29 15:00:00,CMP-00687,Affiliate,493.0,31964,387,21,1128.0,2.288
2026-01-29 16:00:00,CMP-00688,Display,415.0,51882,631,45,2788.0,6.718
2026-01-29 17:00:00,CMP-00689,Social,468.0,74920,1610,95,5349.0,11.429
2026-01-29 18:00:00,CMP-00690,Search,384.0,51673,2183,137,6738.0,17.547
2026-01-29 19:00:00,CMP-00691,Affiliate,410.0,38907,302,21,1077.0,2.627
2026-01-29 20:00:00,CMP-00692,Search,609.0,79607,3721,198,10665.0,17.512
2026-01-29 21:00:00,CMP-00693,Search,175.0,26517,976,49,2352.0,13.44
2026-01-29 22:00:00,CMP-00694,Affiliate,693.0,77852,609,22,1120.0,1.616
2026-01-29 23:00:00,CMP-00695,Social,699.0,104970,1794,103,6637.0,9.495
2026-01-30 00:00:00,CMP-00696,Display,421.0,43409,610,44,2451.0,5.822
2026-01-30 01:00:00,CMP-00697,Social,522.0,51331,920,42,1700.0,3.257
2026-01-30 02:00:00,CMP-00698,Display,283.0,35128,427,22,1501.0,5.304
2026-01-30 03:00:00,CMP-00699,Search,589.0,65447,3391,132,8206.0,13.932
2026-01-30 04:00:00,CMP-00700,Search,303.0,50747,2573,83,3666.0,12.099
2026-01-30 05:00:00,CMP-00701,Search,71.0,8293,314,14,761.0,10.718
2026-01-30 06:00:00,CMP-00702,Search,864.0,88446,4027,190,9515.0,11.013
2026-01-30 07:00:00,CMP-00703,Affiliate,265.0,27412,211,9,583.0,2.2
2026-01-30 08:00:00,CMP-00704,Search,463.0,55686,2216,134,7274.0,15.711
2026-01-30 09:00:00,CMP-00705,Social,532.0,52689,1275,47,2692.0,5.06
2026-01-30 10:00:00,CMP-00706,Display,608.0,84827,1417,77,4320.0,7.105
2026-01-30 11:00:00,CMP-00707,Display,484.0,49306,695,47,2030.0,4.194
2026-01-30 12:00:00,CMP-00708,Social,556.0,56854,1304,50,3603.0,6.48
2026-01-30 13:00:00,CMP-00709,Social,416.0,53192,1477,68,4394.0,10.562
2026-01-30 14:00:00,CMP-00710,Affiliate,195.0,13005,38,2,101.0,0.518
2026-01-30 15:00:00,CMP-00711,Display,475.0,62742,550,22,1318.0,2.775
2026-01-30 16:00:00,CMP-00712,Display,650.0,75105,644,41,2777.0,4.272
2026-01-30 17:00:00,CMP-00713,Affiliate,275.0,30204,356,14,820.0,2.982
2026-01-30 18:00:00,CMP-00714,Display,535.0,74428,862,61,4488.0,8.389
2026-01-30 19:00:00,CMP-00715,Search,1114.0,159756,7100,383,33389.0,29.972
2026-01-30 20:00:00,CMP-00716,Social,459.0,70267,1700,117,6638.0,14.462
2026-01-30 21:00:00,CMP-00717,Search,471.0,47678,2222,133,6939.0,14.732
2026-01-30 22:00:00,CMP-00718,Display,186.0,17851,267,14,673.0,3.618
2026-01-30 23:00:00,CMP-00719,Affiliate,256.0,35475,438,25,897.0,3.504
2026-01-31 00:00:00,CMP-00720,Social,305.0,37819,925,73,5145.0,16.869
2026-01-31 01:00:00,CMP-00721,Social,637.0,82490,2161,151,8224.0,12.911
2026-01-31 02:00:00,CMP-00722,Search,285.0,34515,1687,67,4472.0,15.691
2026-01-31 03:00:00,CMP-00723,Affiliate,148.0,21459,202,9,619.0,4.182
2026-01-31 04:00:00,CMP-00724,Search,583.0,47167,2124,129,6088.0,10.443
2026-01-31 05:00:00,CMP-00725,Search,320.0,38761,1949,99,4820.0,15.062
2026-01-31 06:00:00,CMP-00726,Search,190.0,14704,609,39,2942.0,15.484
2026-01-31 07:00:00,CMP-00727,Search,676.0,70843,3544,222,12720.0,18.817
2026-01-31 08:00:00,CMP-00728,Social,391.0,52018,1010,57,2930.0,7.494
2026-01-31 09:00:00,CMP-00729,Social,610.0,69685,1654,98,4660.0,7.639
2026-01-31 10:00:00,CMP-00730,Search,186.0,18926,776,41,2320.0,12.473
2026-01-31 11:00:00,CMP-00731,Search,112.0,17622,1002,46,3362.0,30.018
2026-01-31 12:00:00,CMP-00732,Search,510.0,73955,3183,134,8690.0,17.039
2026-01-31 13:00:00,CMP-00733,Social,251.0,29590,669,38,2273.0,9.056
2026-01-31 14:00:00,CMP-00734,Search,506.0,83239,3622,233,17215.0,34.022
2026-01-31 15:00:00,CMP-00735,Display,511.0,54513,666,46,3310.0,6.477
2026-01-31 16:00:00,CMP-00736,Search,479.0,70263,3101,207,12698.0,26.509
2026-01-31 17:00:00,CMP-00737,Search,794.0,62307,2733,152,13036.0,16.418
2026-01-31 18:00:00,CMP-00738,Social,1577.0,144196,1532,89,4942.0,3.134
2026-01-31 19:00:00,CMP-00739,Social,578.0,56175,1381,76,5243.0,9.071
2026-01-31 20:00:00,CMP-00740,Search,1113.0,79735,3602,195,10544.0,9.473
2026-01-31 21:00:00,CMP-00741,Search,178.0,20505,1063,81,5429.0,30.5
2026-01-31 22:00:00,CMP-00742,Affiliate,397.0,32216,582,13,722.0,1.819
2026-01-31 23:00:00,CMP-00743,Search,224.0,29066,1242,57,3569.0,15.933
2026-02-01 00:00:00,CMP-00744,Social,332.0,26862,704,46,3767.0,11.346
2026-02-01 01:00:00,CMP-00745,Social,409.0,30096,656,43,2903.0,7.098
2026-02-01 02:00:00,CMP-00746,Search,1160.0,193255,9320,710,44566.0,38.419
2026-02-01 03:00:00,CMP-00747,Social,493.0,65276,1508,40,2010.0,4.077
2026-02-01 04:00:00,CMP-00748,Display,808.0,131711,952,68,4072.0,5.04
2026-02-01 05:00:00,CMP-00749,Display,379.0,43163,466,31,1486.0,3.921
2026-02-01 06:00:00,CMP-00750,Search,355.0,22604,1158,76,5082.0,14.315
2026-02-01 07:00:00,CMP-00751,Search,181.0,22295,1036,57,3797.0,20.978
2026-02-01 08:00:00,CMP-00752,Search,1141.0,138535,7115,499,28046.0,24.58
2026-02-01 09:00:00,CMP-00753,Social,941.0,58010,1234,78,5822.0,6.187
2026-02-01 10:00:00,CMP-00754,Display,538.0,83248,1259,54,3954.0,7.349
2026-02-01 11:00:00,CMP-00755,Search,422.0,54099,2286,124,7378.0,17.483
2026-02-01 12:00:00,CMP-00756,Search,502.0,71241,3344,194,12349.0,24.6
2026-02-01 13:00:00,CMP-00757,Affiliate,219.0,25038,309,15,782.0,3.571
2026-02-01 14:00:00,CMP-00758,Search,610.0,78094,3802,256,14151.0,23.198
2026-02-01 15:00:00,CMP-00759,Social,903.0,79754,2116,114,5383.0,5.961
2026-02-01 16:00:00,CMP-00760,Display,925.0,154579,1416,54,2874.0,3.107
2026-02-01 17:00:00,CMP-00761,Search,186.0,19358,937,33,1880.0,10.108
2026-02-01 18:00:00,CMP-00762,Search,805.0,62674,3294,150,6209.0,7.713
2026-02-01 19:00:00,CMP-00763,Search,219.0,14487,595,37,2359.0,10.772
2026-02-01 20:00:00,CMP-00764,Affiliate,118.0,15337,68,0,0.0,0.0
2026-02-01 21:00:00,CMP-00765,Search,820.0,137900,6533,265,15349.0,18.718
2026-02-01 22:00:00,CMP-00766,Search,363.0,57549,2526,64,1986.0,5.471
2026-02-01 23:00:00,CMP-00767,Search,763.0,104707,4681,233,12925.0,16.94
2026-02-02 00:00:00,CMP-00768,Search,729.0,123176,5803,410,18067.0,24.783
2026-02-02 01:00:00,CMP-00769,Social,683.0,95286,2169,102,5294.0,7.751
2026-02-02 02:00:00,CMP-00770,Search,499.0,48561,2133,123,8920.0,17.876
2026-02-02 03:00:00,CMP-00771,Social,234.0,29515,714,67,2255.0,9.637
2026-02-02 04:00:00,CMP-00772,Social,410.0,28197,889,60,2990.0,7.293
2026-02-02 05:00:00,CMP-00773,Display,933.0,78731,891,60,3978.0,4.264
2026-02-02 06:00:00,CMP-00774,Search,773.0,81883,3270,232,11828.0,15.301
2026-02-02 07:00:00,CMP-00775,Affiliate,421.0,34606,242,9,452.0,1.074
2026-02-02 08:00:00,CMP-00776,Social,419.0,69086,1766,70,5483.0,13.086
2026-02-02 09:00:00,CMP-00777,Search,653.0,110693,4403,211,13036.0,19.963
2026-02-02 10:00:00,CMP-00778,Display,518.0,52215,273,20,1347.0,2.6
2026-02-02 11:00:00,CMP-00779,Affiliate,433.0,59760,889,65,4092.0,9.45
2026-02-02 12:00:00,CMP-00780,Search,626.0,65639,3071,158,9419.0,15.046
2026-02-02 13:00:00,CMP-00781,Affiliate,615.0,46337,463,23,1625.0,2.642
2026-02-02 14:00:00,CMP-00782,Social,337.0,32709,856,54,4161.0,12.347
2026-02-02 15:00:00,CMP-00783,Social,571.0,48918,1249,68,2799.0,4.902
2026-02-02 16:00:00,CMP-00784,Affiliate,597.0,57364,828,38,2191.0,3.67
2026-02-02 17:00:00,CMP-00785,Social,480.0,40153,1204,45,2591.0,5.398
2026-02-02 18:00:00,CMP-00786,Display,318.0,23009,55,3,161.0,0.506
2026-02-02 19:00:00,CMP-00787,Search,403.0,33818,1529,88,5967.0,14.806
2026-02-02 20:00:00,CMP-00788,Display,282.0,45016,635,33,1999.0,7.089
2026-02-02 21:00:00,CMP-00789,Social,579.0,40167,931,73,5640.0,9.741
2026-02-02 22:00:00,CMP-00790,Search,187.0,17900,821,59,4071.0,21.77
2026-02-02 23:00:00,CMP-00791,Social,980.0,115766,3189,177,12682.0,12.941
2026-02-03 00:00:00,CMP-00792,Search,882.0,87314,3919,167,7683.0,8.711
2026-02-03 01:00:00,CMP-00793,Search,604.0,70629,3645,208,10387.0,17.197
2026-02-03 02:00:00,CMP-00794,Search,750.0,48582,2371,120,6092.0,8.123
2026-02-03 03:00:00,CMP-00795,Search,725.0,95223,4241,259,18449.0,25.447
2026-02-03 04:00:00,CMP-00796,Search,522.0,63674,2807,115,5558.0,10.648
2026-02-03 05:00:00,CMP-00797,Search,439.0,59223,2054,125,6078.0,13.845
2026-02-03 06:00:00,CMP-00798,Display,413.0,50550,589,38,1778.0,4.305
2026-02-03 07:00:00,CMP-00799,Display,998.0,107953,696,42,3592.0,3.599
2026-02-03 08:00:00,CMP-00800,Display,311.0,30638,441,37,2093.0,6.73
2026-02-03 09:00:00,CMP-00801,Search,315.0,26745,1213,55,3481.0,11.051
2026-02-03 10:00:00,CMP-00802,Affiliate,783.0,90050,1315,60,2796.0,3.571
2026-02-03 11:00:00,CMP-00803,Social,747.0,46960,1447,112,7570.0,10.134
2026-02-03 12:00:00,CMP-00804,Search,426.0,40941,1799,115,4630.0,10.869
2026-02-03 13:00:00,CMP-00805,Search,636.0,85583,4680,177,8533.0,13.417
2026-02-03 14:00:00,CMP-00806,Display,679.0,48860,620,43,2180.0,3.211
2026-02-03 15:00:00,CMP-00807,Search,227.0,15190,618,39,2347.0,10.339
2026-02-03 16:00:00,CMP-00808,Social,910.0,119883,2735,179,8962.0,9.848
2026-02-03 17:00:00,CMP-00809,Affiliate,678.0,70346,719,39,2856.0,4.212
2026-02-03 18:00:00,CMP-00810,Search,610.0,90402,4249,246,15506.0,25.42
2026-02-03 19:00:00,CMP-00811,Search,681.0,111073,4614,331,16915.0,24.838
2026-02-03 20:00:00,CMP-00812,Affiliate,573.0,94702,1034,29,1971.0,3.44
2026-02-03 21:00:00,CMP-00813,Social,466.0,49775,1149,39,2109.0,4.526
2026-02-03 22:00:00,CMP-00814,Search,143.0,12737,560,18,938.0,6.559
2026-02-03 23:00:00,CMP-00815,Affiliate,524.0,66520,968,25,1674.0,3.195
2026-02-04 00:00:00,CMP-00816,Affiliate,215.0,27756,390,30,1004.0,4.67
2026-02-04 01:00:00,CMP-00817,Social,1193.0,153250,4613,200,13070.0,10.956
2026-02-04 02:00:00,CMP-00818,Social,461.0,43977,993,70,3561.0,7.725
2026-02-04 03:00:00,CMP-00819,Search,1183.0,79276,3978,244,12408.0,10.489
2026-02-04 04:00:00,CMP-00820,Search,529.0,43960,1796,100,7758.0,14.665
2026-02-04 05:00:00,CMP-00821,Social,353.0,27176,547,25,1317.0,3.731
2026-02-04 06:00:00,CMP-00822,Search,897.0,66045,2745,133,8985.0,10.017
2026-02-04 07:00:00,CMP-00823,Display,597.0,96649,1156,76,4620.0,7.739
2026-02-04 08:00:00,CMP-00824,Display,1405.0,86440,1424,96,5936.0,4.225
2026-02-04 09:00:00,CMP-00825,Search,348.0,43919,1822,103,5716.0,16.425
2026-02-04 10:00:00,CMP-00826,Social,915.0,150263,3527,159,8741.0,9.553
2026-02-04 11:00:00,CMP-00827,Search,940.0,93629,4187,156,11432.0,12.162
2026-02-04 12:00:00,CMP-00828,Affiliate,707.0,83412,1188,64,4307.0,6.092
2026-02-04 13:00:00,CMP-00829,Search,943.0,128753,5540,266,14099.0,14.951
2026-02-04 14:00:00,CMP-00830,Social,467.0,44313,1063,49,2330.0,4.989
2026-02-04 15:00:00,CMP-00831,Social,310.0,34887,697,41,2138.0,6.897
2026-02-04 16:00:00,CMP-00832,Social,370.0,55456,1215,67,4544.0,12.281
2026-02-04 17:00:00,CMP-00833,Display,510.0,72414,1187,76,5304.0,10.4
2026-02-04 18:00:00,CMP-00834,Display,725.0,107973,1319,81,5148.0,7.101
2026-02-04 19:00:00,CMP-00835,Social,323.0,54460,1225,91,3807.0,11.786
2026-02-04 20:00:00,CMP-00836,Display,414.0,41704,659,45,2949.0,7.123
2026-02-04 21:00:00,CMP-00837,Affiliate,337.0,47914,462,39,2770.0,8.22
2026-02-04 22:00:00,CMP-00838,Social,789.0,99655,2989,134,8005.0,10.146
2026-02-04 23:00:00,CMP-00839,Social,1178.0,157058,4569,172,13381.0,11.359
2026-02-05 00:00:00,CMP-00840,Search,281.0,39729,1836,95,4255.0,15.142
2026-02-05 01:00:00,CMP-00841,Display,652.0,92890,581,42,2724.0,4.178
2026-02-05 02:00:00,CMP-00842,Social,839.0,132085,4590,260,12427.0,14.812
2026-02-05 03:00:00,CMP-00843,Social,446.0,43897,1160,70,4801.0,10.765
2026-02-05 04:00:00,CMP-00844,Search,222.0,29278,1310,42,2693.0,12.131
2026-02-05 05:00:00,CMP-00845,Affiliate,893.0,81112,1304,72,5473.0,6.129
2026-02-05 06:00:00,CMP-00846,Social,214.0,26836,744,50,3150.0,14.72
2026-02-05 07:00:00,CMP-00847,Display,1023.0,145909,2478,99,5342.0,5.222
2026-02-05 08:00:00,CMP-00848,Search,333.0,48954,2007,136,7220.0,21.682
2026-02-05 09:00:00,CMP-00849,Affiliate,195.0,20711,262,16,888.0,4.554
2026-02-05 10:00:00,CMP-00850,Search,385.0,44644,1810,114,6030.0,15.662
2026-02-05 11:00:00,CMP-00851,Search,490.0,47394,2298,165,11793.0,24.067
2026-02-05 12:00:00,CMP-00852,Affiliate,543.0,42676,477,24,1698.0,3.127
2026-02-05 13:00:00,CMP-00853,Affiliate,679.0,60198,836,18,775.0,1.141
2026-02-05 14:00:00,CMP-00854,Search,569.0,91230,3980,205,11969.0,21.035
2026-02-05 15:00:00,CMP-00855,Social,1130.0,106204,2593,78,4573.0,4.047
2026-02-05 16:00:00,CMP-00856,Display,478.0,79932,684,52,2610.0,5.46
2026-02-05 17:00:00,CMP-00857,Affiliate,584.0,50552,797,51,3182.0,5.449
2026-02-05 18:00:00,CMP-00858,Social,559.0,78001,2382,94,6825.0,12.209
2026-02-05 19:00:00,CMP-00859,Social,181.0,22286,545,24,1606.0,8.873
2026-02-05 20:00:00,CMP-00860,Display,252.0,34437,472,19,1358.0,5.389
2026-02-05 21:00:00,CMP-00861,Display,512.0,66987,921,43,2185.0,4.268
2026-02-05 22:00:00,CMP-00862,Display,620.0,85400,989,54,3152.0,5.084
2026-02-05 23:00:00,CMP-00863,Social,139.0,22185,421,22,1108.0,7.971
2026-02-06 00:00:00,CMP-00864,Search,1156.0,141010,5495,350,21138.0,18.285
2026-02-06 01:00:00,CMP-00865,Affiliate,645.0,43513,366,23,1410.0,2.186
2026-02-06 02:00:00,CMP-00866,Affiliate,497.0,44626,146,10,676.0,1.36
2026-02-06 03:00:00,CMP-00867,Display,631.0,87017,1571,59,4197.0,6.651
2026-02-06 04:00:00,CMP-00868,Search,374.0,42766,1965,145,9409.0,25.158
2026-02-06 05:00:00,CMP-00869,Search,546.0,65706,2902,212,10472.0,19.179
2026-02-06 06:00:00,CMP-00870,Display,591.0,74243,234,15,667.0,1.129
2026-02-06 07:00:00,CMP-00871,Search,898.0,91676,3426,198,12514.0,13.935
2026-02-06 08:00:00,CMP-00872,Affiliate,456.0,66178,834,41,2993.0,6.564
2026-02-06 09:00:00,CMP-00873,Social,217.0,30290,963,36,2079.0,9.581
2026-02-06 10:00:00,CMP-00874,Display,306.0,42403,409,13,555.0,1.814
2026-02-06 11:00:00,CMP-00875,Affiliate,437.0,60604,937,61,4810.0,11.007
2026-02-06 12:00:00,CMP-00876,Social,232.0,36641,863,69,4340.0,18.707
2026-02-06 13:00:00,CMP-00877,Search,287.0,36016,1662,108,6449.0,22.47
2026-02-06 14:00:00,CMP-00878,Social,307.0,51078,1543,67,3103.0,10.107
2026-02-06 15:00:00,CMP-00879,Social,421.0,30779,714,34,1978.0,4.698
2026-02-06 16:00:00,CMP-00880,Social,641.0,83019,1843,102,6617.0,10.323
2026-02-06 17:00:00,CMP-00881,Social,411.0,57072,1766,85,5358.0,13.036
2026-02-06 18:00:00,CMP-00882,Affiliate,663.0,74583,961,60,3072.0,4.633
2026-02-06 19:00:00,CMP-00883,Social,497.0,45576,1368,85,4881.0,9.821
2026-02-06 20:00:00,CMP-00884,Search,293.0,35307,1507,108,5599.0,19.109
2026-02-06 21:00:00,CMP-00885,Social,596.0,59672,1900,107,7987.0,13.401
2026-02-06 22:00:00,CMP-00886,Social,550.0,88002,2350,161,10779.0,19.598
2026-02-06 23:00:00,CMP-00887,Search,672.0,66694,3093,201,10604.0,15.78
2026-02-07 00:00:00,CMP-00888,Search,741.0,58781,2650,110,5095.0,6.876
2026-02-07 01:00:00,CMP-00889,Display,912.0,112543,1110,60,3647.0,3.999
2026-02-07 02:00:00,CMP-00890,Search,652.0,67520,2960,174,9234.0,14.163
2026-02-07 03:00:00,CMP-00891,Affiliate,541.0,38166,381,26,1399.0,2.586
2026-02-07 04:00:00,CMP-00892,Search,673.0,82195,3914,238,11102.0,16.496
2026-02-07 05:00:00,CMP-00893,Search,389.0,46354,2096,122,5842.0,15.018
2026-02-07 06:00:00,CMP-00894,Display,374.0,29565,170,13,775.0,2.072
2026-02-07 07:00:00,CMP-00895,Affiliate,974.0,122470,665,35,1937.0,1.989
2026-02-07 08:00:00,CMP-00896,Search,368.0,45046,1707,107,8877.0,24.122
2026-02-07 09:00:00,CMP-00897,Search,312.0,45270,2132,98,6266.0,20.083
2026-02-07 10:00:00,CMP-00898,Search,652.0,65051,2614,123,5717.0,8.768
2026-02-07 11:00:00,CMP-00899,Social,391.0,34159,908,48,2047.0,5.235
2026-02-07 12:00:00,CMP-00900,Social,738.0,121500,3157,121,7500.0,10.163
2026-02-07 13:00:00,CMP-00901,Search,879.0,107004,4754,153,8267.0,9.405
2026-02-07 14:00:00,CMP-00902,Search,336.0,21163,972,78,5563.0,16.557
2026-02-07 15:00:00,CMP-00903,Social,691.0,103842,2570,227,13806.0,19.98
2026-02-07 16:00:00,CMP-00904,Affiliate,363.0,29636,69,2,76.0,0.209
2026-02-07 17:00:00,CMP-00905,Display,442.0,64737,740,32,1530.0,3.462
2026-02-07 18:00:00,CMP-00906,Social,582.0,80064,2059,125,6406.0,11.007
2026-02-07 19:00:00,CMP-00907,Search,374.0,62296,3142,160,9987.0,26.703
2026-02-07 20:00:00,CMP-00908,Search,556.0,92414,4712,320,15191.0,27.322
2026-02-07 21:00:00,CMP-00909,Search,461.0,41575,1645,92,5477.0,11.881
2026-02-07 22:00:00,CMP-00910,Display,746.0,107654,1116,46,2053.0,2.752
2026-02-07 23:00:00,CMP-00911,Affiliate,747.0,70855,398,24,1393.0,1.865
2026-02-08 00:00:00,CMP-00912,Affiliate,375.0,48454,869,20,1234.0,3.291
2026-02-08 01:00:00,CMP-00913,Affiliate,589.0,74067,1177,53,3849.0,6.535
2026-02-08 02:00:00,CMP-00914,Affiliate,803.0,52997,643,38,2297.0,2.861
2026-02-08 03:00:00,CMP-00915,Affiliate,285.0,17262,213,16,797.0,2.796
2026-02-08 04:00:00,CMP-00916,Search,459.0,30456,1544,126,9189.0,20.02
2026-02-08 05:00:00,CMP-00917,Search,576.0,42666,2088,135,7583.0,13.165
2026-02-08 06:00:00,CMP-00918,Search,278.0,24559,1251,27,1775.0,6.385
2026-02-08 07:00:00,CMP-00919,Social,399.0,63746,1697,88,4565.0,11.441
2026-02-08 08:00:00,CMP-00920,Search,1072.0,125477,5484,384,22621.0,21.102
2026-02-08 09:00:00,CMP-00921,Display,368.0,54338,863,85,4249.0,11.546
2026-02-08 10:00:00,CMP-00922,Social,389.0,59211,1651,113,6918.0,17.784
2026-02-08 11:00:00,CMP-00923,Social,195.0,27464,676,33,2179.0,11.174
2026-02-08 12:00:00,CMP-00924,Search,648.0,66777,2904,96,5093.0,7.86
2026-02-08 13:00:00,CMP-00925,Search,259.0,40151,1985,122,6404.0,24.726
2026-02-08 14:00:00,CMP-00926,Search,464.0,65714,3386,158,9728.0,20.966
2026-02-08 15:00:00,CMP-00927,Affiliate,314.0,44508,405,44,2189.0,6.971
2026-02-08 16:00:00,CMP-00928,Social,556.0,88500,2141,113,4839.0,8.703
2026-02-08 17:00:00,CMP-00929,Display,76.0,9564,137,5,308.0,4.053
2026-02-08 18:00:00,CMP-00930,Search,517.0,61080,2813,149,8482.0,16.406
2026-02-08 19:00:00,CMP-00931,Social,584.0,92224,2117,134,7599.0,13.012
2026-02-08 20:00:00,CMP-00932,Social,405.0,44546,1496,92,5815.0,14.358
2026-02-08 21:00:00,CMP-00933,Display,418.0,62396,869,44,2843.0,6.801
2026-02-08 22:00:00,CMP-00934,Display,379.0,24984,392,17,959.0,2.53
2026-02-08 23:00:00,CMP-00935,Search,461.0,27725,1478,114,5332.0,11.566
2026-02-09 00:00:00,CMP-00936,Affiliate,980.0,115749,1199,30,1548.0,1.58
2026-02-09 01:00:00,CMP-00937,Search,757.0,51549,2288,192,12259.0,16.194
2026-02-09 02:00:00,CMP-00938,Affiliate,461.0,77180,516,17,1009.0,2.189
2026-02-09 03:00:00,CMP-00939,Search,399.0,24181,1094,47,2468.0,6.185
2026-02-09 04:00:00,CMP-00940,Search,723.0,100494,3890,262,13141.0,18.176
2026-02-09 05:00:00,CMP-00941,Display,538.0,46683,708,35,2246.0,4.175
2026-02-09 06:00:00,CMP-00942,Search,274.0,45602,2192,86,4797.0,17.507
2026-02-09 07:00:00,CMP-00943,Social,434.0,44254,1104,66,4325.0,9.965
2026-02-09 08:00:00,CMP-00944,Social,929.0,58528,1430,66,4408.0,4.745
2026-02-09 09:00:00,CMP-00945,Search,636.0,40044,1936,117,6420.0,10.094
2026-02-09 10:00:00,CMP-00946,Display,402.0,48590,365,17,1147.0,2.853
2026-02-09 11:00:00,CMP-00947,Affiliate,209.0,35224,465,28,1663.0,7.957
2026-02-09 12:00:00,CMP-00948,Affiliate,554.0,92947,1374,72,4369.0,7.886
2026-02-09 13:00:00,CMP-00949,Search,498.0,48355,1763,146,5272.0,10.586
2026-02-09 14:00:00,CMP-00950,Social,454.0,51346,1359,71,3429.0,7.553
2026-02-09 15:00:00,CMP-00951,Search,726.0,51582,2062,86,4200.0,5.785
2026-02-09 16:00:00,CMP-00952,Search,639.0,75043,3300,157,8606.0,13.468
2026-02-09 17:00:00,CMP-00953,Search,213.0,26831,1089,87,5145.0,24.155
2026-02-09 18:00:00,CMP-00954,Affiliate,500.0,43808,801,31,1846.0,3.692
2026-02-09 19:00:00,CMP-00955,Affiliate,244.0,31069,217,16,974.0,3.992
2026-02-09 20:00:00,CMP-00956,Display,382.0,60725,348,18,921.0,2.411
2026-02-09 21:00:00,CMP-00957,Social,234.0,14064,356,14,909.0,3.885
2026-02-09 22:00:00,CMP-00958,Social,239.0,20358,494,31,2359.0,9.87
2026-02-09 23:00:00,CMP-00959,Social,588.0,48857,942,52,2832.0,4.816
2026-02-10 00:00:00,CMP-00960,Social,559.0,41157,1053,51,2620.0,4.687
2026-02-10 01:00:00,CMP-00961,Social,481.0,37648,586,43,2199.0,4.572
2026-02-10 02:00:00,CMP-00962,Search,365.0,47030,1927,150,8828.0,24.186
2026-02-10 03:00:00,CMP-00963,Search,224.0,15970,635,33,1740.0,7.768
2026-02-10 04:00:00,CMP-00964,Affiliate,383.0,54094,747,22,895.0,2.337
2026-02-10 05:00:00,CMP-00965,Social,561.0,88398,2737,118,5125.0,9.135
2026-02-10 06:00:00,CMP-00966,Affiliate,554.0,89706,1470,65,4433.0,8.002
2026-02-10 07:00:00,CMP-00967,Search,920.0,122009,5546,304,21529.0,23.401
2026-02-10 08:00:00,CMP-00968,Social,855.0,69865,1084,53,3922.0,4.587
2026-02-10 09:00:00,CMP-00969,Search,491.0,34066,1560,85,5122.0,10.432
2026-02-10 10:00:00,CMP-00970,Search,381.0,32584,1668,136,6540.0,17.165
2026-02-10 11:00:00,CMP-00971,Search,318.0,52729,2646,127,6810.0,21.415
2026-02-10 12:00:00,CMP-00972,Search,204.0,33835,1565,59,2542.0,12.461
2026-02-10 13:00:00,CMP-00973,Affiliate,259.0,26420,210,16,683.0,2.637
2026-02-10 14:00:00,CMP-00974,Search,561.0,53764,2358,183,11081.0,19.752
2026-02-10 15:00:00,CMP-00975,Social,661.0,76742,2470,131,8304.0,12.563
2026-02-10 16:00:00,CMP-00976,Social,421.0,38768,780,48,3724.0,8.846
2026-02-10 17:00:00,CMP-00977,Social,1382.0,231848,4698,318,18180.0,13.155
2026-02-10 18:00:00,CMP-00978,Social,261.0,22011,662,38,1688.0,6.467
2026-02-10 19:00:00,CMP-00979,Search,193.0,19416,846,23,1306.0,6.767
2026-02-10 20:00:00,CMP-00980,Affiliate,1370.0,146906,1054,77,4249.0,3.101
2026-02-10 21:00:00,CMP-00981,Display,218.0,16079,300,24,1274.0,5.844
2026-02-10 22:00:00,CMP-00982,Display,418.0,42682,580,41,2519.0,6.026
2026-02-10 23:00:00,CMP-00983,Social,332.0,51207,1227,54,2476.0,7.458
2026-02-11 00:00:00,CMP-00984,Search,582.0,43905,1831,102,6049.0,10.393
2026-02-11 01:00:00,CMP-00985,Affiliate,402.0,49945,992,64,4129.0,10.271
2026-02-11 02:00:00,CMP-00986,Search,662.0,69331,3081,170,12274.0,18.541
2026-02-11 03:00:00,CMP-00987,Search,734.0,57809,2994,159,9715.0,13.236
2026-02-11 04:00:00,CMP-00988,Search,203.0,12455,587,47,3216.0,15.842
2026-02-11 05:00:00,CMP-00989,Display,312.0,28101,266,12,643.0,2.061
2026-02-11 06:00:00,CMP-00990,Social,690.0,46092,991,56,3078.0,4.461
2026-02-11 07:00:00,CMP-00991,Display,806.0,81764,1428,96,6862.0,8.514
2026-02-11 08:00:00,CMP-00992,Display,531.0,79184,1356,57,2524.0,4.753
2026-02-11 09:00:00,CMP-00993,Search,603.0,83916,3092,152,8203.0,13.604
2026-02-11 10:00:00,CMP-00994,Affiliate,948.0,155673,2215,125,8661.0,9.136
2026-02-11 11:00:00,CMP-00995,Social,405.0,43323,1113,52,2906.0,7.175
2026-02-11 12:00:00,CMP-00996,Social,528.0,72789,1542,50,2757.0,5.222
2026-02-11 13:00:00,CMP-00997,Search,856.0,114008,5249,298,16493.0,19.268
2026-02-11 14:00:00,CMP-00998,Affiliate,882.0,73977,483,25,1479.0,1.677
2026-02-11 15:00:00,CMP-00999,Search,463.0,43241,1943,106,7299.0,15.765
2026-02-11 16:00:00,CMP-01000,Search,318.0,37613,1535,64,4304.0,13.535
2026-02-11 17:00:00,CMP-01001,Social,460.0,67910,1530,104,6044.0,13.139
2026-02-11 18:00:00,CMP-01002,Search,483.0,53516,2495,166,11441.0,23.687
2026-02-11 19:00:00,CMP-01003,Search,311.0,26451,1135,58,3562.0,11.453
2026-02-11 20:00:00,CMP-01004,Social,337.0,57047,1828,80,5327.0,15.807
2026-02-11 21:00:00,CMP-01005,Social,883.0,64206,1776,94,4485.0,5.079
2026-02-11 22:00:00,CMP-01006,Affiliate,617.0,101896,1972,168,12665.0,20.527
2026-02-11 23:00:00,CMP-01007,Search,420.0,62577,2781,126,7585.0,18.06
2026-02-12 00:00:00,CMP-01008,Display,269.0,40962,371,17,519.0,1.929
2026-02-12 01:00:00,CMP-01009,Social,339.0,49982,1554,100,7460.0,22.006
2026-02-12 02:00:00,CMP-01010,Display,184.0,15253,152,2,116.0,0.63
2026-02-12 03:00:00,CMP-01011,Social,537.0,69586,1637,88,4756.0,8.857
2026-02-12 04:00:00,CMP-01012,Social,329.0,47126,1342,76,3948.0,12.0
2026-02-12 05:00:00,CMP-01013,Affiliate,559.0,79392,544,27,1685.0,3.014
2026-02-12 06:00:00,CMP-01014,Search,687.0,61742,2950,159,7809.0,11.367
2026-02-12 07:00:00,CMP-01015,Search,563.0,44996,2056,85,4440.0,7.886
2026-02-12 08:00:00,CMP-01016,Display,393.0,37764,630,29,1522.0,3.873
2026-02-12 09:00:00,CMP-01017,Display,303.0,34173,528,25,1377.0,4.545
2026-02-12 10:00:00,CMP-01018,Search,248.0,30532,1495,60,3171.0,12.786
2026-02-12 11:00:00,CMP-01019,Social,841.0,127886,3153,168,11177.0,13.29
2026-02-12 12:00:00,CMP-01020,Affiliate,551.0,79671,708,50,3036.0,5.51
2026-02-12 13:00:00,CMP-01021,Display,405.0,54422,1147,38,2353.0,5.81
2026-02-12 14:00:00,CMP-01022,Affiliate,643.0,57216,350,13,833.0,1.295
2026-02-12 15:00:00,CMP-01023,Social,775.0,87324,1697,104,5935.0,7.658
2026-02-12 16:00:00,CMP-01024,Display,333.0,32267,458,35,1673.0,5.024
2026-02-12 17:00:00,CMP-01025,Search,543.0,46612,2462,127,9659.0,17.788
2026-02-12 18:00:00,CMP-01026,Affiliate,548.0,33497,457,31,2086.0,3.807
2026-02-12 19:00:00,CMP-01027,Social,929.0,90429,2633,172,12750.0,13.724
2026-02-12 20:00:00,CMP-01028,Display,402.0,35445,159,9,615.0,1.53
2026-02-12 21:00:00,CMP-01029,Social,297.0,36504,856,47,2510.0,8.451
2026-02-12 22:00:00,CMP-01030,Social,572.0,38240,670,30,1036.0,1.811
2026-02-12 23:00:00,CMP-01031,Display,669.0,60047,878,46,2103.0,3.143
2026-02-13 00:00:00,CMP-01032,Social,521.0,33825,595,17,1094.0,2.1
2026-02-13 01:00:00,CMP-01033,Affiliate,960.0,125333,892,58,3305.0,3.443
2026-02-13 02:00:00,CMP-01034,Social,401.0,49122,1337,72,3874.0,9.661
2026-02-13 03:00:00,CMP-01035,Social,527.0,51183,1522,110,3635.0,6.898
2026-02-13 04:00:00,CMP-01036,Search,212.0,16155,736,32,1852.0,8.736
2026-02-13 05:00:00,CMP-01037,Social,288.0,47626,1335,82,3869.0,13.434
2026-02-13 06:00:00,CMP-01038,Social,334.0,41510,1148,53,2690.0,8.054
2026-02-13 07:00:00,CMP-01039,Search,436.0,58730,2555,177,11771.0,26.998
2026-02-13 08:00:00,CMP-01040,Search,232.0,27480,1085,52,2481.0,10.694
2026-02-13 09:00:00,CMP-01041,Display,638.0,94882,1370,51,2482.0,3.89
2026-02-13 10:00:00,CMP-01042,Display,318.0,50435,721,43,2574.0,8.094
2026-02-13 11:00:00,CMP-01043,Display,1260.0,128643,1994,88,5872.0,4.66
2026-02-13 12:00:00,CMP-01044,Search,324.0,44032,1993,158,8528.0,26.321
2026-02-13 13:00:00,CMP-01045,Search,500.0,42643,1691,100,7267.0,14.534
2026-02-13 14:00:00,CMP-01046,Search,469.0,61769,2960,148,6692.0,14.269
2026-02-13 15:00:00,CMP-01047,Display,275.0,28574,353,19,826.0,3.004
2026-02-13 16:00:00,CMP-01048,Affiliate,437.0,26545,277,17,724.0,1.657
2026-02-13 17:00:00,CMP-01049,Search,434.0,71656,3154,157,6512.0,15.005
2026-02-13 18:00:00,CMP-01050,Display,734.0,114157,992,53,3252.0,4.431
2026-02-13 19:00:00,CMP-01051,Search,583.0,53631,2631,151,7282.0,12.491
2026-02-13 20:00:00,CMP-01052,Search,634.0,107623,4247,160,7024.0,11.079
2026-02-13 21:00:00,CMP-01053,Search,726.0,68885,2860,82,5067.0,6.979
2026-02-13 22:00:00,CMP-01054,Search,639.0,70592,2950,148,9803.0,15.341
2026-02-13 23:00:00,CMP-01055,Display,540.0,82964,1545,75,5138.0,9.515
2026-02-14 00:00:00,CMP-01056,Affiliate,332.0,31043,472,24,1602.0,4.825
2026-02-14 01:00:00,CMP-01057,Search,523.0,57299,2215,144,7030.0,13.442
2026-02-14 02:00:00,CMP-01058,Social,300.0,39964,1202,70,4253.0,14.177
2026-02-14 03:00:00,CMP-01059,Display,454.0,33755,610,46,2897.0,6.381
2026-02-14 04:00:00,CMP-01060,Affiliate,424.0,45138,320,18,959.0,2.262
2026-02-14 05:00:00,CMP-01061,Social,438.0,41187,608,46,2744.0,6.265
2026-02-14 06:00:00,CMP-01062,Search,234.0,31460,1403,40,1819.0,7.774
2026-02-14 07:00:00,CMP-01063,Social,77.0,5771,178,10,517.0,6.714
2026-02-14 08:00:00,CMP-01064,Search,385.0,32956,1700,130,8023.0,20.839
2026-02-14 09:00:00,CMP-01065,Affiliate,809.0,111845,898,53,3873.0,4.787
2026-02-14 10:00:00,CMP-01066,Social,496.0,38283,1185,63,4379.0,8.829
2026-02-14 11:00:00,CMP-01067,Display,780.0,83009,282,13,840.0,1.077
2026-02-14 12:00:00,CMP-01068,Search,301.0,41663,1852,140,8232.0,27.349
2026-02-14 13:00:00,CMP-01069,Social,375.0,54075,1247,45,2576.0,6.869
2026-02-14 14:00:00,CMP-01070,Affiliate,1298.0,91427,1490,44,1915.0,1.475
2026-02-14 15:00:00,CMP-01071,Social,310.0,47653,1434,68,3376.0,10.89
2026-02-14 16:00:00,CMP-01072,Social,628.0,87692,2565,65,3248.0,5.172
2026-02-14 17:00:00,CMP-01073,Affiliate,627.0,61021,400,18,1147.0,1.829
2026-02-14 18:00:00,CMP-01074,Affiliate,594.0,85546,1321,115,7757.0,13.059
2026-02-14 19:00:00,CMP-01075,Search,632.0,88551,4279,221,14446.0,22.858
2026-02-14 20:00:00,CMP-01076,Social,308.0,38838,753,27,1885.0,6.12
2026-02-14 21:00:00,CMP-01077,Social,394.0,47844,857,49,2877.0,7.302
2026-02-14 22:00:00,CMP-01078,Social,93.0,13096,411,20,963.0,10.355
2026-02-14 23:00:00,CMP-01079,Search,944.0,160403,7046,450,25875.0,27.41
2026-02-15 00:00:00,CMP-01080,Search,630.0,77893,3108,141,7156.0,11.359
2026-02-15 01:00:00,CMP-01081,Affiliate,334.0,49752,531,27,1744.0,5.222
2026-02-15 02:00:00,CMP-01082,Affiliate,302.0,42844,570,14,762.0,2.523
2026-02-15 03:00:00,CMP-01083,Display,816.0,125777,1458,113,6443.0,7.896
2026-02-15 04:00:00,CMP-01084,Affiliate,322.0,53129,293,13,844.0,2.621
2026-02-15 05:00:00,CMP-01085,Display,333.0,27052,522,25,1265.0,3.799
2026-02-15 06:00:00,CMP-01086,Display,269.0,21035,349,15,1015.0,3.773
2026-02-15 07:00:00,CMP-01087,Display,688.0,85655,895,47,2093.0,3.042
2026-02-15 08:00:00,CMP-01088,Social,775.0,84802,2051,106,6473.0,8.352
2026-02-15 09:00:00,CMP-01089,Social,425.0,52181,1406,75,4282.0,10.075
2026-02-15 10:00:00,CMP-01090,Search,777.0,114828,4621,300,19882.0,25.588
2026-02-15 11:00:00,CMP-01091,Social,569.0,92456,2488,134,5930.0,10.422
2026-02-15 12:00:00,CMP-01092,Search,260.0,27538,1094,33,1409.0,5.419
2026-02-15 13:00:00,CMP-01093,Search,910.0,126465,5664,238,15589.0,17.131
2026-02-15 14:00:00,CMP-01094,Social,267.0,21799,456,39,2110.0,7.903
2026-02-15 15:00:00,CMP-01095,Social,441.0,52391,1090,65,3711.0,8.415
2026-02-15 16:00:00,CMP-01096,Search,426.0,26581,1459,83,4266.0,10.014
2026-02-15 17:00:00,CMP-01097,Display,388.0,44780,550,46,3088.0,7.959
2026-02-15 18:00:00,CMP-01098,Affiliate,150.0,17998,251,7,427.0,2.847
2026-02-15 19:00:00,CMP-01099,Search,1165.0,164147,6133,393,23740.0,20.378
2026-02-15 20:00:00,CMP-01100,Search,162.0,21293,883,29,1343.0,8.29
2026-02-15 21:00:00,CMP-01101,Search,938.0,93259,4355,272,17140.0,18.273
2026-02-15 22:00:00,CMP-01102,Display,297.0,18007,232,16,769.0,2.589
2026-02-15 23:00:00,CMP-01103,Display,350.0,25446,81,3,154.0,0.44
2026-02-16 00:00:00,CMP-01104,Search,893.0,149163,6768,400,17739.0,19.865
2026-02-16 01:00:00,CMP-01105,Display,599.0,96712,1296,87,4910.0,8.197
2026-02-16 02:00:00,CMP-01106,Search,217.0,20779,1042,54,3707.0,17.083
2026-02-16 03:00:00,CMP-01107,Social,214.0,18933,413,26,1567.0,7.322
2026-02-16 04:00:00,CMP-01108,Affiliate,556.0,60051,213,17,911.0,1.638
2026-02-16 05:00:00,CMP-01109,Search,264.0,35875,1510,92,5436.0,20.591
2026-02-16 06:00:00,CMP-01110,Search,613.0,60840,2479,117,6907.0,11.268
2026-02-16 07:00:00,CMP-01111,Social,644.0,43407,1265,64,3754.0,5.829
2026-02-16 08:00:00,CMP-01112,Social,314.0,32752,442,33,1973.0,6.283
2026-02-16 09:00:00,CMP-01113,Affiliate,360.0,31919,326,19,904.0,2.511
2026-02-16 10:00:00,CMP-01114,Affiliate,565.0,54094,931,50,2953.0,5.227
2026-02-16 11:00:00,CMP-01115,Search,307.0,23923,1127,63,2548.0,8.3
2026-02-16 12:00:00,CMP-01116,Search,497.0,65838,3136,165,10520.0,21.167
2026-02-16 13:00:00,CMP-01117,Display,1336.0,157553,821,42,1973.0,1.477
2026-02-16 14:00:00,CMP-01118,Search,579.0,51991,2031,143,9978.0,17.233
2026-02-16 15:00:00,CMP-01119,Affiliate,391.0,47281,804,69,2315.0,5.921
2026-02-16 16:00:00,CMP-01120,Display,1224.0,139778,1751,131,9791.0,7.999
2026-02-16 17:00:00,CMP-01121,Search,712.0,105060,4832,356,14812.0,20.803
2026-02-16 18:00:00,CMP-01122,Display,268.0,44262,322,16,736.0,2.746
2026-02-16 19:00:00,CMP-01123,Search,296.0,22014,982,58,3537.0,11.949
2026-02-16 20:00:00,CMP-01124,Social,174.0,27358,502,32,2054.0,11.805
2026-02-16 21:00:00,CMP-01125,Social,560.0,77015,2238,147,8109.0,14.48
2026-02-16 22:00:00,CMP-01126,Social,133.0,18112,611,36,2409.0,18.113
2026-02-16 23:00:00,CMP-01127,Display,1223.0,123734,1743,98,4903.0,4.009
2026-02-17 00:00:00,CMP-01128,Display,415.0,40599,396,33,1782.0,4.294
2026-02-17 01:00:00,CMP-01129,Affiliate,734.0,44495,93,5,275.0,0.375
2026-02-17 02:00:00,CMP-01130,Affiliate,396.0,66544,340,20,1052.0,2.657
2026-02-17 03:00:00,CMP-01131,Social,555.0,70327,2181,119,4600.0,8.288
2026-02-17 04:00:00,CMP-01132,Search,444.0,46289,1877,97,5602.0,12.617
2026-02-17 05:00:00,CMP-01133,Display,489.0,58589,588,18,1023.0,2.092
2026-02-17 06:00:00,CMP-01134,Affiliate,846.0,54531,768,58,3989.0,4.715
2026-02-17 07:00:00,CMP-01135,Search,1045.0,82661,4194,190,8577.0,8.208
2026-02-17 08:00:00,CMP-01136,Social,1006.0,129341,3076,188,9702.0,9.644
2026-02-17 09:00:00,CMP-01137,Social,1843.0,214836,5163,203,14217.0,7.714
2026-02-17 10:00:00,CMP-01138,Search,325.0,47637,2038,128,7799.0,23.997
2026-02-17 11:00:00,CMP-01139,Display,583.0,77225,736,48,3048.0,5.228
2026-02-17 12:00:00,CMP-01140,Social,329.0,41505,931,40,2501.0,7.602
2026-02-17 13:00:00,CMP-01141,Display,829.0,124084,1641,82,5131.0,6.189
2026-02-17 14:00:00,CMP-01142,Display,275.0,18564,229,16,1219.0,4.433
2026-02-17 15:00:00,CMP-01143,Display,853.0,116005,2325,115,6775.0,7.943
2026-02-17 16:00:00,CMP-01144,Social,529.0,73380,1925,109,5220.0,9.868
2026-02-17 17:00:00,CMP-01145,Search,457.0,41252,2068,121,7791.0,17.048
2026-02-17 18:00:00,CMP-01146,Display,484.0,39456,287,10,523.0,1.081
2026-02-17 19:00:00,CMP-01147,Display,248.0,20713,285,9,512.0,2.065
2026-02-17 20:00:00,CMP-01148,Social,260.0,21266,525,17,1049.0,4.035
2026-02-17 21:00:00,CMP-01149,Affiliate,534.0,62806,847,48,2390.0,4.476
2026-02-17 22:00:00,CMP-01150,Search,532.0,39856,1876,143,7564.0,14.218
2026-02-17 23:00:00,CMP-01151,Affiliate,337.0,44659,514,21,1318.0,3.911
2026-02-18 00:00:00,CMP-01152,Search,413.0,29553,1578,82,4306.0,10.426
2026-02-18 01:00:00,CMP-01153,Search,607.0,38215,1923,137,9280.0,15.288
2026-02-18 02:00:00,CMP-01154,Social,306.0,29107,917,81,3899.0,12.742
2026-02-18 03:00:00,CMP-01155,Search,162.0,13138,627,21,1010.0,6.235
2026-02-18 04:00:00,CMP-01156,Search,960.0,162002,8465,360,27742.0,28.898
2026-02-18 05:00:00,CMP-01157,Search,553.0,51611,2026,103,4398.0,7.953
2026-02-18 06:00:00,CMP-01158,Social,370.0,31238,970,47,2713.0,7.332
2026-02-18 07:00:00,CMP-01159,Display,328.0,26779,209,8,612.0,1.866
2026-02-18 08:00:00,CMP-01160,Search,304.0,30741,1325,65,3751.0,12.339
2026-02-18 09:00:00,CMP-01161,Display,827.0,104734,1509,92,6575.0,7.95
2026-02-18 10:00:00,CMP-01162,Display,225.0,32853,589,30,1936.0,8.604
2026-02-18 11:00:00,CMP-01163,Search,582.0,58260,2389,206,11933.0,20.503
2026-02-18 12:00:00,CMP-01164,Search,582.0,74994,3215,158,8958.0,15.392
2026-02-18 13:00:00,CMP-01165,Affiliate,694.0,78440,970,50,1840.0,2.651
2026-02-18 14:00:00,CMP-01166,Display,389.0,59561,687,58,3179.0,8.172
2026-02-18 15:00:00,CMP-01167,Social,920.0,112787,3240,204,12306.0,13.376
2026-02-18 16:00:00,CMP-01168,Display,704.0,64689,1587,93,5609.0,7.967
2026-02-18 17:00:00,CMP-01169,Search,382.0,52484,2450,133,10994.0,28.78
2026-02-18 18:00:00,CMP-01170,Social,320.0,48066,1080,58,3527.0,11.022
2026-02-18 19:00:00,CMP-01171,Display,445.0,49483,337,21,1350.0,3.034
2026-02-18 20:00:00,CMP-01172,Search,375.0,63221,2852,142,9890.0,26.373
2026-02-18 21:00:00,CMP-01173,Display,292.0,45756,357,12,761.0,2.606
2026-02-18 22:00:00,CMP-01174,Social,496.0,40505,1054,36,2057.0,4.147
2026-02-18 23:00:00,CMP-01175,Display,415.0,60815,825,40,2288.0,5.513
2026-02-19 00:00:00,CMP-01176,Social,1028.0,129635,3038,121,6594.0,6.414
2026-02-19 01:00:00,CMP-01177,Social,375.0,44560,1443,77,4808.0,12.821
2026-02-19 02:00:00,CMP-01178,Search,319.0,37174,1564,65,3659.0,11.47
2026-02-19 03:00:00,CMP-01179,Search,479.0,73706,3305,162,10408.0,21.729
2026-02-19 04:00:00,CMP-01180,Display,544.0,69194,1051,48,2300.0,4.228
2026-02-19 05:00:00,CMP-01181,Search,565.0,67318,3343,252,14986.0,26.524
2026-02-19 06:00:00,CMP-01182,Search,563.0,36805,1846,73,5367.0,9.533
2026-02-19 07:00:00,CMP-01183,Search,488.0,53344,2502,88,4906.0,10.053
2026-02-19 08:00:00,CMP-01184,Search,470.0,75145,3658,199,15210.0,32.362
2026-02-19 09:00:00,CMP-01185,Display,646.0,89336,827,47,2803.0,4.339
2026-02-19 10:00:00,CMP-01186,Social,278.0,18238,546,31,1780.0,6.403
2026-02-19 11:00:00,CMP-01187,Affiliate,320.0,50316,775,53,3136.0,9.8
2026-02-19 12:00:00,CMP-01188,Search,193.0,29130,1541,104,5708.0,29.575
2026-02-19 13:00:00,CMP-01189,Display,280.0,33637,194,12,458.0,1.636
2026-02-19 14:00:00,CMP-01190,Social,787.0,49159,1111,64,4275.0,5.432
2026-02-19 15:00:00,CMP-01191,Social,633.0,77141,2238,93,7433.0,11.742
2026-02-19 16:00:00,CMP-01192,Affiliate,1096.0,72341,156,9,565.0,0.516
2026-02-19 17:00:00,CMP-01193,Affiliate,967.0,92098,1277,55,3488.0,3.607
2026-02-19 18:00:00,CMP-01194,Affiliate,635.0,82029,1287,47,2640.0,4.157
2026-02-19 19:00:00,CMP-01195,Search,515.0,82616,3561,269,18716.0,36.342
2026-02-19 20:00:00,CMP-01196,Search,484.0,48089,2125,155,8929.0,18.448
2026-02-19 21:00:00,CMP-01197,Display,128.0,19789,156,6,364.0,2.844
2026-02-19 22:00:00,CMP-01198,Search,457.0,73586,3242,110,4658.0,10.193
2026-02-19 23:00:00,CMP-01199,Display,350.0,21810,239,9,474.0,1.354
2026-02-20 00:00:00,CMP-01200,Social,287.0,24778,534,28,1727.0,6.017
2026-02-20 01:00:00,CMP-01201,Social,585.0,80779,1806,106,7110.0,12.154
2026-02-20 02:00:00,CMP-01202,Display,429.0,61455,678,32,2155.0,5.023
2026-02-20 03:00:00,CMP-01203,Display,499.0,51479,559,28,1182.0,2.369
2026-02-20 04:00:00,CMP-01204,Search,264.0,34912,1889,145,6267.0,23.739
2026-02-20 05:00:00,CMP-01205,Search,719.0,91555,4099,253,16152.0,22.465
2026-02-20 06:00:00,CMP-01206,Social,374.0,52874,1418,90,4548.0,12.16
2026-02-20 07:00:00,CMP-01207,Social,570.0,79259,1779,81,5423.0,9.514
2026-02-20 08:00:00,CMP-01208,Search,390.0,27083,1148,40,1668.0,4.277
2026-02-20 09:00:00,CMP-01209,Social,113.0,8747,183,7,399.0,3.531
2026-02-20 10:00:00,CMP-01210,Display,597.0,44536,252,7,404.0,0.677
2026-02-20 11:00:00,CMP-01211,Display,443.0,72019,516,27,1696.0,3.828
2026-02-20 12:00:00,CMP-01212,Social,185.0,29690,733,33,1574.0,8.508
2026-02-20 13:00:00,CMP-01213,Social,246.0,36337,1068,60,2300.0,9.35
2026-02-20 14:00:00,CMP-01214,Search,730.0,53172,2035,103,6150.0,8.425
2026-02-20 15:00:00,CMP-01215,Social,190.0,23402,504,47,2973.0,15.647
2026-02-20 16:00:00,CMP-01216,Search,368.0,29659,1172,80,5446.0,14.799
2026-02-20 17:00:00,CMP-01217,Social,1143.0,114896,2740,194,10556.0,9.235
2026-02-20 18:00:00,CMP-01218,Display,605.0,54074,896,52,3419.0,5.651
2026-02-20 19:00:00,CMP-01219,Search,680.0,102804,4397,277,17412.0,25.606
2026-02-20 20:00:00,CMP-01220,Search,410.0,31114,1421,116,8262.0,20.151
2026-02-20 21:00:00,CMP-01221,Search,175.0,22938,1222,35,2011.0,11.491
2026-02-20 22:00:00,CMP-01222,Affiliate,524.0,88151,1198,77,3134.0,5.981
2026-02-20 23:00:00,CMP-01223,Social,256.0,34707,751,35,2006.0,7.836
2026-02-21 00:00:00,CMP-01224,Search,242.0,16629,728,48,2826.0,11.678
2026-02-21 01:00:00,CMP-01225,Affiliate,493.0,78812,682,44,2780.0,5.639
2026-02-21 02:00:00,CMP-01226,Social,266.0,34776,925,61,2603.0,9.786
2026-02-21 03:00:00,CMP-01227,Social,465.0,51240,1378,67,3677.0,7.908
2026-02-21 04:00:00,CMP-01228,Affiliate,326.0,43216,289,10,667.0,2.046
2026-02-21 05:00:00,CMP-01229,Search,456.0,71452,3258,179,10196.0,22.36
2026-02-21 06:00:00,CMP-01230,Search,356.0,40044,1755,92,5055.0,14.199
2026-02-21 07:00:00,CMP-01231,Social,463.0,54840,1493,87,6705.0,14.482
2026-02-21 08:00:00,CMP-01232,Search,928.0,101865,4993,273,12913.0,13.915
2026-02-21 09:00:00,CMP-01233,Display,688.0,46773,612,36,2532.0,3.68
2026-02-21 10:00:00,CMP-01234,Search,437.0,64054,2814,178,12142.0,27.785
2026-02-21 11:00:00,CMP-01235,Search,855.0,63189,3026,200,11150.0,13.041
2026-02-21 12:00:00,CMP-01236,Search,574.0,59353,2521,156,8997.0,15.674
2026-02-21 13:00:00,CMP-01237,Social,826.0,84706,1624,102,5879.0,7.117
2026-02-21 14:00:00,CMP-01238,Search,203.0,18433,573,32,1914.0,9.429
2026-02-21 15:00:00,CMP-01239,Search,268.0,27945,1264,110,5726.0,21.366
2026-02-21 16:00:00,CMP-01240,Affiliate,520.0,66550,607,46,2471.0,4.752
2026-02-21 17:00:00,CMP-01241,Search,431.0,40622,1904,124,6752.0,15.666
2026-02-21 18:00:00,CMP-01242,Social,464.0,36645,641,20,1095.0,2.36
2026-02-21 19:00:00,CMP-01243,Search,621.0,96646,4131,225,12351.0,19.889
2026-02-21 20:00:00,CMP-01244,Social,523.0,87232,2322,110,3915.0,7.486
2026-02-21 21:00:00,CMP-01245,Search,720.0,79519,3203,221,13034.0,18.103
2026-02-21 22:00:00,CMP-01246,Social,711.0,68236,1757,73,3849.0,5.414
2026-02-21 23:00:00,CMP-01247,Search,275.0,17936,790,58,2281.0,8.295
2026-02-22 00:00:00,CMP-01248,Affiliate,116.0,7430,99,6,327.0,2.819
2026-02-22 01:00:00,CMP-01249,Affiliate,265.0,27352,374,11,596.0,2.249
2026-02-22 02:00:00,CMP-01250,Search,256.0,41555,1961,112,7924.0,30.953
2026-02-22 03:00:00,CMP-01251,Search,481.0,67521,3045,121,6366.0,13.235
2026-02-22 04:00:00,CMP-01252,Search,478.0,47044,1940,87,5627.0,11.772
2026-02-22 05:00:00,CMP-01253,Social,418.0,69590,1598,77,5531.0,13.232
2026-02-22 06:00:00,CMP-01254,Search,585.0,62690,2984,140,7241.0,12.378
2026-02-22 07:00:00,CMP-01255,Affiliate,1393.0,125992,898,51,2934.0,2.106
2026-02-22 08:00:00,CMP-01256,Display,413.0,44149,536,30,2259.0,5.47
2026-02-22 09:00:00,CMP-01257,Display,531.0,44216,441,22,1326.0,2.497
2026-02-22 10:00:00,CMP-01258,Social,464.0,73043,1810,107,6606.0,14.237
2026-02-22 11:00:00,CMP-01259,Affiliate,339.0,33808,268,19,1025.0,3.024
2026-02-22 12:00:00,CMP-01260,Search,624.0,82602,3118,208,13493.0,21.623
2026-02-22 13:00:00,CMP-01261,Social,402.0,41323,1074,54,3111.0,7.739
2026-02-22 14:00:00,CMP-01262,Search,301.0,47916,2388,118,4682.0,15.555
2026-02-22 15:00:00,CMP-01263,Affiliate,313.0,40897,201,11,599.0,1.914
2026-02-22 16:00:00,CMP-01264,Social,733.0,83347,2227,123,5679.0,7.748
2026-02-22 17:00:00,CMP-01265,Display,616.0,45914,741,40,2365.0,3.839
2026-02-22 18:00:00,CMP-01266,Search,359.0,57156,2655,190,9278.0,25.844
2026-02-22 19:00:00,CMP-01267,Affiliate,580.0,69686,743,20,1256.0,2.166
2026-02-22 20:00:00,CMP-01268,Social,466.0,42571,891,37,2163.0,4.642
2026-02-22 21:00:00,CMP-01269,Social,536.0,83922,2120,133,6054.0,11.295
2026-02-22 22:00:00,CMP-01270,Affiliate,334.0,22040,320,11,584.0,1.749
2026-02-22 23:00:00,CMP-01271,Social,260.0,24582,603,30,1926.0,7.408
2026-02-23 00:00:00,CMP-01272,Social,401.0,47739,1155,40,2779.0,6.93
2026-02-23 01:00:00,CMP-01273,Social,285.0,27753,603,36,1763.0,6.186
2026-02-23 02:00:00,CMP-01274,Search,274.0,30808,1416,78,3668.0,13.387
2026-02-23 03:00:00,CMP-01275,Search,210.0,18705,859,41,3178.0,15.133
2026-02-23 04:00:00,CMP-01276,Search,117.0,8694,397,29,1679.0,14.35
2026-02-23 05:00:00,CMP-01277,Search,363.0,23251,1084,50,2946.0,8.116
2026-02-23 06:00:00,CMP-01278,Affiliate,801.0,61950,1117,38,1923.0,2.401
2026-02-23 07:00:00,CMP-01279,Social,704.0,116036,2634,113,6797.0,9.655
2026-02-23 08:00:00,CMP-01280,Social,997.0,122924,3580,190,14279.0,14.322
2026-02-23 09:00:00,CMP-01281,Social,267.0,30380,663,48,2906.0,10.884
2026-02-23 10:00:00,CMP-01282,Social,644.0,65865,1995,71,4874.0,7.568
2026-02-23 11:00:00,CMP-01283,Social,436.0,60135,1855,67,3905.0,8.956
2026-02-23 12:00:00,CMP-01284,Affiliate,314.0,23719,265,11,525.0,1.672
2026-02-23 13:00:00,CMP-01285,Affiliate,756.0,68322,1298,83,4247.0,5.618
2026-02-23 14:00:00,CMP-01286,Social,438.0,57881,1526,74,3465.0,7.911
2026-02-23 15:00:00,CMP-01287,Search,162.0,18256,785,35,2106.0,13.0
2026-02-23 16:00:00,CMP-01288,Social,700.0,101297,2361,157,11028.0,15.754
2026-02-23 17:00:00,CMP-01289,Social,560.0,88861,2624,161,9597.0,17.138
2026-02-23 18:00:00,CMP-01290,Social,496.0,74683,2177,155,8513.0,17.163
2026-02-23 19:00:00,CMP-01291,Display,238.0,19102,151,9,451.0,1.895
2026-02-23 20:00:00,CMP-01292,Social,525.0,36782,980,49,3016.0,5.745
2026-02-23 21:00:00,CMP-01293,Search,929.0,73055,3362,153,6980.0,7.513
2026-02-23 22:00:00,CMP-01294,Search,553.0,80842,3531,154,7185.0,12.993
2026-02-23 23:00:00,CMP-01295,Social,192.0,30820,1083,38,2546.0,13.26
2026-02-24 00:00:00,CMP-01296,Search,574.0,92872,4319,241,13309.0,23.186
2026-02-24 01:00:00,CMP-01297,Search,556.0,51598,2379,143,7869.0,14.153
2026-02-24 02:00:00,CMP-01298,Display,670.0,102133,1719,62,3491.0,5.21
2026-02-24 03:00:00,CMP-01299,Social,548.0,65204,1536,95,6200.0,11.314
2026-02-24 04:00:00,CMP-01300,Search,274.0,41238,2019,88,5250.0,19.161
2026-02-24 05:00:00,CMP-01301,Social,482.0,57994,1039,43,2174.0,4.51
2026-02-24 06:00:00,CMP-01302,Display,405.0,30799,315,17,866.0,2.138
2026-02-24 07:00:00,CMP-01303,Search,512.0,35181,1672,63,3531.0,6.896
2026-02-24 08:00:00,CMP-01304,Display,770.0,127276,2240,154,9397.0,12.204
2026-02-24 09:00:00,CMP-01305,Affiliate,325.0,34722,350,21,1211.0,3.726
2026-02-24 10:00:00,CMP-01306,Social,1072.0,105653,2208,143,8116.0,7.571
2026-02-24 11:00:00,CMP-01307,Display,572.0,56738,748,41,2397.0,4.191
2026-02-24 12:00:00,CMP-01308,Search,702.0,71381,3060,139,8012.0,11.413
2026-02-24 13:00:00,CMP-01309,Affiliate,656.0,107550,1290,116,5823.0,8.877
2026-02-24 14:00:00,CMP-01310,Social,560.0,37462,1025,29,2003.0,3.577
2026-02-24 15:00:00,CMP-01311,Affiliate,613.0,44808,433,24,1276.0,2.082
2026-02-24 16:00:00,CMP-01312,Social,48.0,7049,125,10,593.0,12.354
2026-02-24 17:00:00,CMP-01313,Search,655.0,78884,3077,221,8265.0,12.618
2026-02-24 18:00:00,CMP-01314,Search,286.0,21203,955,48,2681.0,9.374
2026-02-24 19:00:00,CMP-01315,Display,452.0,28833,122,5,235.0,0.52
2026-02-24 20:00:00,CMP-01316,Social,558.0,47243,1114,58,2796.0,5.011
2026-02-24 21:00:00,CMP-01317,Search,787.0,69798,2803,138,11347.0,14.418
2026-02-24 22:00:00,CMP-01318,Display,286.0,17607,307,12,726.0,2.538
2026-02-24 23:00:00,CMP-01319,Affiliate,367.0,30743,675,31,2178.0,5.935
2026-02-25 00:00:00,CMP-01320,Social,394.0,55638,1191,51,3394.0,8.614
2026-02-25 01:00:00,CMP-01321,Social,515.0,79360,1986,134,9090.0,17.65
2026-02-25 02:00:00,CMP-01322,Search,407.0,64634,2647,114,6385.0,15.688
2026-02-25 03:00:00,CMP-01323,Display,614.0,63174,689,36,2666.0,4.342
2026-02-25 04:00:00,CMP-01324,Search,166.0,15792,811,29,1928.0,11.614
2026-02-25 05:00:00,CMP-01325,Affiliate,433.0,73603,742,46,2687.0,6.206
2026-02-25 06:00:00,CMP-01326,Social,974.0,140867,3402,158,9580.0,9.836
2026-02-25 07:00:00,CMP-01327,Social,407.0,48477,1015,42,2379.0,5.845
2026-02-25 08:00:00,CMP-01328,Search,573.0,50438,2491,126,7374.0,12.869
2026-02-25 09:00:00,CMP-01329,Search,727.0,69314,2213,161,9268.0,12.748
2026-02-25 10:00:00,CMP-01330,Display,564.0,65813,668,51,3153.0,5.59
2026-02-25 11:00:00,CMP-01331,Social,1119.0,133864,3307,203,15306.0,13.678
2026-02-25 12:00:00,CMP-01332,Social,488.0,30014,664,35,1608.0,3.295
2026-02-25 13:00:00,CMP-01333,Affiliate,629.0,104120,1588,79,5484.0,8.719
2026-02-25 14:00:00,CMP-01334,Affiliate,525.0,64741,1101,67,3639.0,6.931
2026-02-25 15:00:00,CMP-01335,Affiliate,878.0,109580,683,30,2121.0,2.416
2026-02-25 16:00:00,CMP-01336,Search,377.0,31389,1714,120,6560.0,17.401
2026-02-25 17:00:00,CMP-01337,Social,1164.0,167788,3240,237,14724.0,12.649
2026-02-25 18:00:00,CMP-01338,Affiliate,329.0,46421,757,29,1636.0,4.973
2026-02-25 19:00:00,CMP-01339,Social,1020.0,71876,1821,90,3662.0,3.59
2026-02-25 20:00:00,CMP-01340,Search,268.0,33620,1453,66,4976.0,18.567
2026-02-25 21:00:00,CMP-01341,Display,639.0,84604,859,40,1943.0,3.041
2026-02-25 22:00:00,CMP-01342,Social,466.0,70791,1725,87,5119.0,10.985
2026-02-25 23:00:00,CMP-01343,Social,720.0,59522,1606,121,5745.0,7.979
2026-02-26 00:00:00,CMP-01344,Affiliate,580.0,90793,768,25,1116.0,1.924
2026-02-26 01:00:00,CMP-01345,Social,701.0,77644,1925,142,7945.0,11.334
2026-02-26 02:00:00,CMP-01346,Social,263.0,18572,413,18,937.0,3.563
2026-02-26 03:00:00,CMP-01347,Social,184.0,13177,265,13,602.0,3.272
2026-02-26 04:00:00,CMP-01348,Social,239.0,19540,393,21,1211.0,5.067
2026-02-26 05:00:00,CMP-01349,Search,236.0,21500,865,44,1900.0,8.051
2026-02-26 06:00:00,CMP-01350,Display,261.0,29911,295,14,830.0,3.18
2026-02-26 07:00:00,CMP-01351,Display,341.0,48545,717,36,2042.0,5.988
2026-02-26 08:00:00,CMP-01352,Search,340.0,27383,1209,94,3120.0,9.176
2026-02-26 09:00:00,CMP-01353,Search,472.0,79858,4293,263,13878.0,29.403
2026-02-26 10:00:00,CMP-01354,Affiliate,297.0,23096,58,4,251.0,0.845
2026-02-26 11:00:00,CMP-01355,Search,310.0,39038,1820,68,3221.0,10.39
2026-02-26 12:00:00,CMP-01356,Social,420.0,68117,1714,95,5996.0,14.276
2026-02-26 13:00:00,CMP-01357,Social,769.0,116561,3338,132,8227.0,10.698
2026-02-26 14:00:00,CMP-01358,Display,374.0,49094,720,27,1291.0,3.452
2026-02-26 15:00:00,CMP-01359,Search,456.0,63249,2783,144,8334.0,18.276
2026-02-26 16:00:00,CMP-01360,Display,494.0,36932,459,23,1524.0,3.085
2026-02-26 17:00:00,CMP-01361,Social,278.0,16975,372,23,1132.0,4.072
2026-02-26 18:00:00,CMP-01362,Social,393.0,42348,1191,88,4923.0,12.527
2026-02-26 19:00:00,CMP-01363,Search,324.0,22630,857,55,3823.0,11.799
2026-02-26 20:00:00,CMP-01364,Social,733.0,72825,2051,146,7216.0,9.844
2026-02-26 21:00:00,CMP-01365,Social,703.0,59482,1507,56,3505.0,4.986
2026-02-26 22:00:00,CMP-01366,Search,306.0,49204,2057,133,6279.0,20.52
2026-02-26 23:00:00,CMP-01367,Search,452.0,70876,3088,237,13365.0,29.569
2026-02-27 00:00:00,CMP-01368,Search,630.0,94552,4199,222,13868.0,22.013
2026-02-27 01:00:00,CMP-01369,Search,549.0,76055,3884,124,4210.0,7.668
2026-02-27 02:00:00,CMP-01370,Search,578.0,44475,2592,106,5582.0,9.657
2026-02-27 03:00:00,CMP-01371,Affiliate,279.0,18224,286,13,810.0,2.903
2026-02-27 04:00:00,CMP-01372,Social,1002.0,132191,2936,224,13498.0,13.471
2026-02-27 05:00:00,CMP-01373,Display,338.0,44159,636,41,2164.0,6.402
2026-02-27 06:00:00,CMP-01374,Affiliate,333.0,33512,494,18,845.0,2.538
2026-02-27 07:00:00,CMP-01375,Search,223.0,24975,1051,42,2700.0,12.108
2026-02-27 08:00:00,CMP-01376,Display,430.0,48936,326,10,548.0,1.274
2026-02-27 09:00:00,CMP-01377,Affiliate,809.0,69891,820,56,3553.0,4.392
2026-02-27 10:00:00,CMP-01378,Social,546.0,51628,1494,73,4512.0,8.264
2026-02-27 11:00:00,CMP-01379,Social,447.0,47392,888,63,3372.0,7.544
2026-02-27 12:00:00,CMP-01380,Social,678.0,85665,1862,109,7491.0,11.049
2026-02-27 13:00:00,CMP-01381,Search,799.0,131946,6208,392,20406.0,25.539
2026-02-27 14:00:00,CMP-01382,Social,703.0,83821,2169,108,7550.0,10.74
2026-02-27 15:00:00,CMP-01383,Affiliate,153.0,21485,392,18,1282.0,8.379
2026-02-27 16:00:00,CMP-01384,Affiliate,681.0,101312,645,22,1507.0,2.213
2026-02-27 17:00:00,CMP-01385,Search,590.0,42766,2356,93,5226.0,8.858
2026-02-27 18:00:00,CMP-01386,Display,303.0,39948,239,19,1586.0,5.234
2026-02-27 19:00:00,CMP-01387,Search,591.0,66802,2532,132,7856.0,13.293
2026-02-27 20:00:00,CMP-01388,Affiliate,810.0,99603,1202,90,5437.0,6.712
2026-02-27 21:00:00,CMP-01389,Search,346.0,22222,919,52,3005.0,8.685
2026-02-27 22:00:00,CMP-01390,Affiliate,727.0,116090,1338,53,2475.0,3.404
2026-02-27 23:00:00,CMP-01391,Display,552.0,90973,1069,55,3902.0,7.069
2026-02-28 00:00:00,CMP-01392,Search,68.0,4106,178,9,470.0,6.912
2026-02-28 01:00:00,CMP-01393,Search,464.0,38700,1569,92,6182.0,13.323
2026-02-28 02:00:00,CMP-01394,Display,541.0,43183,603,36,2505.0,4.63
2026-02-28 03:00:00,CMP-01395,Search,401.0,58523,2545,141,9029.0,22.516
2026-02-28 04:00:00,CMP-01396,Social,562.0,70693,2030,152,7764.0,13.815
2026-02-28 05:00:00,CMP-01397,Affiliate,439.0,34903,415,22,1201.0,2.736
2026-02-28 06:00:00,CMP-01398,Social,1281.0,191556,3935,217,6777.0,5.29
2026-02-28 07:00:00,CMP-01399,Social,386.0,38168,713,46,2614.0,6.772
2026-02-28 08:00:00,CMP-01400,Social,307.0,33983,882,56,3698.0,12.046
2026-02-28 09:00:00,CMP-01401,Search,709.0,72746,2896,249,13851.0,19.536
2026-02-28 10:00:00,CMP-01402,Affiliate,412.0,48348,290,11,573.0,1.391
2026-02-28 11:00:00,CMP-01403,Search,451.0,50879,2428,152,8363.0,18.543
2026-02-28 12:00:00,CMP-01404,Search,431.0,38878,1471,95,6665.0,15.464
2026-02-28 13:00:00,CMP-01405,Search,690.0,73623,3697,168,9653.0,13.99
2026-02-28 14:00:00,CMP-01406,Affiliate,260.0,41578,546,18,1378.0,5.3
2026-02-28 15:00:00,CMP-01407,Search,727.0,83836,3730,290,15165.0,20.86
2026-02-28 16:00:00,CMP-01408,Affiliate,614.0,98732,765,26,1564.0,2.547
2026-02-28 17:00:00,CMP-01409,Display,1073.0,129311,1989,133,7138.0,6.652
2026-02-28 18:00:00,CMP-01410,Display,520.0,75176,896,47,3701.0,7.117
2026-02-28 19:00:00,CMP-01411,Affiliate,271.0,25011,227,21,1256.0,4.635
2026-02-28 20:00:00,CMP-01412,Display,523.0,76852,974,54,4281.0,8.185
2026-02-28 21:00:00,CMP-01413,Affiliate,556.0,49525,274,12,646.0,1.162
2026-02-28 22:00:00,CMP-01414,Search,844.0,52455,1996,127,9306.0,11.026
2026-02-28 23:00:00,CMP-01415,Display,270.0,20973,142,6,355.0,1.315
2026-03-01 00:00:00,CMP-01416,Social,193.0,12039,309,14,929.0,4.813
2026-03-01 01:00:00,CMP-01417,Social,528.0,86685,2201,180,8245.0,15.616
2026-03-01 02:00:00,CMP-01418,Affiliate,1096.0,186317,3021,141,8669.0,7.91
2026-03-01 03:00:00,CMP-01419,Affiliate,659.0,94794,789,23,1088.0,1.651
2026-03-01 04:00:00,CMP-01420,Display,678.0,48744,731,37,2241.0,3.305
2026-03-01 05:00:00,CMP-01421,Social,220.0,34954,915,67,2869.0,13.041
2026-03-01 06:00:00,CMP-01422,Social,485.0,68780,1451,39,2225.0,4.588
2026-03-01 07:00:00,CMP-01423,Social,852.0,82257,2192,142,9792.0,11.493
2026-03-01 08:00:00,CMP-01424,Social,559.0,64425,1530,62,3935.0,7.039
2026-03-01 09:00:00,CMP-01425,Social,185.0,24566,550,26,1187.0,6.416
2026-03-01 10:00:00,CMP-01426,Search,480.0,30069,1366,53,2068.0,4.308
2026-03-01 11:00:00,CMP-01427,Search,636.0,73247,3157,227,14294.0,22.475
2026-03-01 12:00:00,CMP-01428,Display,46.0,6465,78,6,443.0,9.63
2026-03-01 13:00:00,CMP-01429,Social,453.0,36559,872,39,1886.0,4.163
2026-03-01 14:00:00,CMP-01430,Affiliate,289.0,31448,238,13,1027.0,3.554
2026-03-01 15:00:00,CMP-01431,Social,720.0,85376,2118,119,6894.0,9.575
2026-03-01 16:00:00,CMP-01432,Search,378.0,53264,2215,139,5339.0,14.124
2026-03-01 17:00:00,CMP-01433,Search,586.0,97328,4020,247,10471.0,17.869
2026-03-01 18:00:00,CMP-01434,Search,473.0,72515,3225,173,11366.0,24.03
2026-03-01 19:00:00,CMP-01435,Affiliate,371.0,47624,673,18,1067.0,2.876
2026-03-01 20:00:00,CMP-01436,Search,1158.0,143824,6730,352,25633.0,22.136
2026-03-01 21:00:00,CMP-01437,Social,349.0,44096,1012,60,2761.0,7.911
2026-03-01 22:00:00,CMP-01438,Affiliate,494.0,59265,576,34,2012.0,4.073
2026-03-01 23:00:00,CMP-01439,Affiliate,472.0,31402,430,32,1858.0,3.936
2026-03-02 00:00:00,CMP-01440,Search,522.0,71416,2511,149,8429.0,16.148
2026-03-02 01:00:00,CMP-01441,Search,1115.0,154758,7474,432,23403.0,20.989
2026-03-02 02:00:00,CMP-01442,Search,636.0,74013,2786,201,10929.0,17.184
2026-03-02 03:00:00,CMP-01443,Search,369.0,57469,2285,92,5497.0,14.897
2026-03-02 04:00:00,CMP-01444,Search,944.0,126465,5360,230,14036.0,14.869
2026-03-02 05:00:00,CMP-01445,Social,691.0,69026,2344,196,11863.0,17.168
2026-03-02 06:00:00,CMP-01446,Affiliate,373.0,23188,454,29,2032.0,5.448
2026-03-02 07:00:00,CMP-01447,Social,873.0,58061,1632,123,5656.0,6.479
2026-03-02 08:00:00,CMP-01448,Social,218.0,21516,542,22,877.0,4.023
2026-03-02 09:00:00,CMP-01449,Search,254.0,28151,1075,71,4840.0,19.055
2026-03-02 10:00:00,CMP-01450,Display,177.0,13868,184,11,534.0,3.017
2026-03-02 11:00:00,CMP-01451,Social,130.0,10507,225,18,976.0,7.508
2026-03-02 12:00:00,CMP-01452,Affiliate,842.0,71842,595,36,1868.0,2.219
2026-03-02 13:00:00,CMP-01453,Affiliate,525.0,76574,937,69,3565.0,6.79
2026-03-02 14:00:00,CMP-01454,Search,187.0,27085,1161,71,3083.0,16.487
2026-03-02 15:00:00,CMP-01455,Search,466.0,47589,2334,147,7689.0,16.5
2026-03-02 16:00:00,CMP-01456,Search,738.0,58272,2215,88,5675.0,7.69
2026-03-02 17:00:00,CMP-01457,Social,316.0,22815,554,24,1391.0,4.402
2026-03-02 18:00:00,CMP-01458,Affiliate,401.0,27903,229,15,946.0,2.359
2026-03-02 19:00:00,CMP-01459,Social,1185.0,122103,2773,121,6418.0,5.416
2026-03-02 20:00:00,CMP-01460,Display,421.0,27369,331,15,1005.0,2.387
2026-03-02 21:00:00,CMP-01461,Social,197.0,19049,384,21,1111.0,5.64
2026-03-02 22:00:00,CMP-01462,Search,357.0,59179,2766,132,4873.0,13.65
2026-03-02 23:00:00,CMP-01463,Search,180.0,20848,911,51,3119.0,17.328
2026-03-03 00:00:00,CMP-01464,Display,663.0,99775,922,59,3875.0,5.845
2026-03-03 01:00:00,CMP-01465,Display,291.0,21597,208,12,629.0,2.162
2026-03-03 02:00:00,CMP-01466,Social,286.0,25593,606,24,1680.0,5.874
2026-03-03 03:00:00,CMP-01467,Search,1239.0,203344,8517,367,18164.0,14.66
2026-03-03 04:00:00,CMP-01468,Display,238.0,24321,294,19,1229.0,5.164
2026-03-03 05:00:00,CMP-01469,Search,213.0,27972,1162,64,4829.0,22.671
2026-03-03 06:00:00,CMP-01470,Affiliate,262.0,43851,421,22,1284.0,4.901
2026-03-03 07:00:00,CMP-01471,Search,750.0,90439,4685,257,14324.0,19.099
2026-03-03 08:00:00,CMP-01472,Search,619.0,57931,2681,137,7801.0,12.603
2026-03-03 09:00:00,CMP-01473,Social,354.0,41954,968,54,4011.0,11.331
2026-03-03 10:00:00,CMP-01474,Social,337.0,22245,624,34,2109.0,6.258
2026-03-03 11:00:00,CMP-01475,Social,595.0,43054,916,46,3654.0,6.141
2026-03-03 12:00:00,CMP-01476,Social,535.0,32522,821,57,3465.0,6.477
2026-03-03 13:00:00,CMP-01477,Affiliate,435.0,68409,694,46,2367.0,5.441
2026-03-03 14:00:00,CMP-01478,Social,630.0,84319,1587,123,6416.0,10.184
2026-03-03 15:00:00,CMP-01479,Social,252.0,23389,611,42,2462.0,9.77
2026-03-03 16:00:00,CMP-01480,Social,294.0,24792,577,47,1767.0,6.01
2026-03-03 17:00:00,CMP-01481,Search,647.0,87434,3851,248,13206.0,20.411
2026-03-03 18:00:00,CMP-01482,Social,558.0,89920,1985,115,6149.0,11.02
2026-03-03 19:00:00,CMP-01483,Search,124.0,11520,640,32,1933.0,15.589
2026-03-03 20:00:00,CMP-01484,Social,483.0,46064,1046,77,5961.0,12.342
2026-03-03 21:00:00,CMP-01485,Search,1217.0,187377,7044,344,20141.0,16.55
2026-03-03 22:00:00,CMP-01486,Affiliate,700.0,110789,646,30,1163.0,1.661
2026-03-03 23:00:00,CMP-01487,Social,360.0,57795,1614,139,6792.0,18.867
2026-03-04 00:00:00,CMP-01488,Affiliate,309.0,28504,494,30,1819.0,5.887
2026-03-04 01:00:00,CMP-01489,Social,571.0,41816,913,65,3830.0,6.708
2026-03-04 02:00:00,CMP-01490,Search,841.0,91164,4481,199,14775.0,17.568
2026-03-04 03:00:00,CMP-01491,Display,163.0,15083,237,16,1082.0,6.638
2026-03-04 04:00:00,CMP-01492,Social,550.0,86473,2056,134,9018.0,16.396
2026-03-04 05:00:00,CMP-01493,Display,397.0,25419,297,11,614.0,1.547
2026-03-04 06:00:00,CMP-01494,Social,525.0,68106,1824,115,7934.0,15.112
2026-03-04 07:00:00,CMP-01495,Social,204.0,32574,900,54,2648.0,12.98
2026-03-04 08:00:00,CMP-01496,Affiliate,841.0,140811,1909,139,9408.0,11.187
2026-03-04 09:00:00,CMP-01497,Social,954.0,125464,2812,172,9490.0,9.948
2026-03-04 10:00:00,CMP-01498,Search,668.0,109880,4860,214,9313.0,13.942
2026-03-04 11:00:00,CMP-01499,Display,1051.0,71806,1431,86,5498.0,5.231
2026-03-04 12:00:00,CMP-01500,Display,387.0,38514,500,30,2159.0,5.579
2026-03-04 13:00:00,CMP-01501,Affiliate,543.0,33100,527,31,1672.0,3.079
2026-03-04 14:00:00,CMP-01502,Social,673.0,113017,3093,124,9130.0,13.566
2026-03-04 15:00:00,CMP-01503,Social,575.0,91597,2355,145,6009.0,10.45
2026-03-04 16:00:00,CMP-01504,Display,414.0,26117,337,17,783.0,1.891
2026-03-04 17:00:00,CMP-01505,Social,438.0,27153,762,16,905.0,2.066
2026-03-04 18:00:00,CMP-01506,Display,911.0,91434,1321,65,3529.0,3.874
2026-03-04 19:00:00,CMP-01507,Social,470.0,41566,1075,41,2104.0,4.477
2026-03-04 20:00:00,CMP-01508,Search,817.0,125133,5343,225,13351.0,16.341
2026-03-04 21:00:00,CMP-01509,Display,458.0,35565,479,10,527.0,1.151
2026-03-04 22:00:00,CMP-01510,Search,814.0,119634,5263,246,13385.0,16.443
2026-03-04 23:00:00,CMP-01511,Search,497.0,60132,2613,131,7963.0,16.022
2026-03-05 00:00:00,CMP-01512,Social,645.0,65475,2391,97,4978.0,7.718
2026-03-05 01:00:00,CMP-01513,Display,330.0,25089,136,7,399.0,1.209
2026-03-05 02:00:00,CMP-01514,Affiliate,543.0,92172,1412,105,5412.0,9.967
2026-03-05 03:00:00,CMP-01515,Search,333.0,42616,1731,101,4640.0,13.934
2026-03-05 04:00:00,CMP-01516,Search,382.0,41382,1895,138,9058.0,23.712
2026-03-05 05:00:00,CMP-01517,Affiliate,399.0,40228,861,67,5030.0,12.607
2026-03-05 06:00:00,CMP-01518,Search,434.0,69279,2889,137,9404.0,21.668
2026-03-05 07:00:00,CMP-01519,Search,768.0,115454,4858,285,17475.0,22.754
2026-03-05 08:00:00,CMP-01520,Search,374.0,55812,2506,166,8563.0,22.896
2026-03-05 09:00:00,CMP-01521,Social,515.0,65807,1462,73,4025.0,7.816
2026-03-05 10:00:00,CMP-01522,Affiliate,816.0,128662,2021,103,7063.0,8.656
2026-03-05 11:00:00,CMP-01523,Display,638.0,59283,548,39,1372.0,2.15
2026-03-05 12:00:00,CMP-01524,Display,165.0,22672,342,5,272.0,1.648
2026-03-05 13:00:00,CMP-01525,Search,201.0,21002,810,30,1960.0,9.751
2026-03-05 14:00:00,CMP-01526,Social,580.0,73079,1252,47,2191.0,3.778
2026-03-05 15:00:00,CMP-01527,Social,364.0,61806,1514,82,5103.0,14.019
2026-03-05 16:00:00,CMP-01528,Search,184.0,30966,1161,76,4695.0,25.516
2026-03-05 17:00:00,CMP-01529,Search,350.0,40735,2002,150,6519.0,18.626
2026-03-05 18:00:00,CMP-01530,Search,592.0,72889,2829,100,5887.0,9.944
2026-03-05 19:00:00,CMP-01531,Search,396.0,62847,2497,106,5494.0,13.874
2026-03-05 20:00:00,CMP-01532,Social,489.0,82357,2319,153,9511.0,19.45
2026-03-05 21:00:00,CMP-01533,Display,415.0,60443,592,30,1941.0,4.677
2026-03-05 22:00:00,CMP-01534,Search,323.0,21696,811,38,2356.0,7.294
2026-03-05 23:00:00,CMP-01535,Social,537.0,51278,1625,62,3641.0,6.78
2026-03-06 00:00:00,CMP-01536,Display,172.0,27282,174,9,548.0,3.186
2026-03-06 01:00:00,CMP-01537,Display,301.0,43500,477,41,1896.0,6.299
2026-03-06 02:00:00,CMP-01538,Display,699.0,99010,1102,54,3115.0,4.456
2026-03-06 03:00:00,CMP-01539,Social,205.0,27361,744,48,2402.0,11.717
2026-03-06 04:00:00,CMP-01540,Display,477.0,50408,709,41,2801.0,5.872
2026-03-06 05:00:00,CMP-01541,Search,380.0,39655,1689,71,4603.0,12.113
2026-03-06 06:00:00,CMP-01542,Social,361.0,53782,1249,59,3823.0,10.59
2026-03-06 07:00:00,CMP-01543,Search,732.0,67575,3022,108,8115.0,11.086
2026-03-06 08:00:00,CMP-01544,Social,804.0,108806,2922,156,8533.0,10.613
2026-03-06 09:00:00,CMP-01545,Social,261.0,36509,738,50,2625.0,10.057
2026-03-06 10:00:00,CMP-01546,Search,436.0,66664,3485,293,15958.0,36.601
2026-03-06 11:00:00,CMP-01547,Display,144.0,13706,137,7,294.0,2.042
2026-03-06 12:00:00,CMP-01548,Search,712.0,100824,4564,216,9237.0,12.973
2026-03-06 13:00:00,CMP-01549,Search,464.0,33275,1363,60,3853.0,8.304
2026-03-06 14:00:00,CMP-01550,Search,196.0,14736,575,25,1101.0,5.617
2026-03-06 15:00:00,CMP-01551,Social,309.0,32725,697,44,2079.0,6.728
2026-03-06 16:00:00,CMP-01552,Search,248.0,16386,694,35,1994.0,8.04
2026-03-06 17:00:00,CMP-01553,Social,300.0,49274,1108,42,2263.0,7.543
2026-03-06 18:00:00,CMP-01554,Search,153.0,24358,1048,50,3343.0,21.85
2026-03-06 19:00:00,CMP-01555,Display,906.0,59236,856,38,2227.0,2.458
2026-03-06 20:00:00,CMP-01556,Affiliate,267.0,40641,347,25,1250.0,4.682
2026-03-06 21:00:00,CMP-01557,Social,476.0,55204,1171,87,5891.0,12.376
2026-03-06 22:00:00,CMP-01558,Social,589.0,80820,1963,139,9075.0,15.407
2026-03-06 23:00:00,CMP-01559,Affiliate,805.0,126837,2058,104,4565.0,5.671
2026-03-07 00:00:00,CMP-01560,Affiliate,484.0,59758,747,37,2239.0,4.626
2026-03-07 01:00:00,CMP-01561,Social,412.0,29991,685,41,2085.0,5.061
2026-03-07 02:00:00,CMP-01562,Affiliate,495.0,29840,196,8,405.0,0.818
2026-03-07 03:00:00,CMP-01563,Affiliate,260.0,29811,188,14,1074.0,4.131
2026-03-07 04:00:00,CMP-01564,Display,273.0,44885,317,18,1066.0,3.905
2026-03-07 05:00:00,CMP-01565,Social,407.0,50056,1535,80,4466.0,10.973
2026-03-07 06:00:00,CMP-01566,Search,120.0,12122,530,22,1295.0,10.792
2026-03-07 07:00:00,CMP-01567,Search,327.0,20732,820,22,1468.0,4.489
2026-03-07 08:00:00,CMP-01568,Social,367.0,58957,1361,79,4028.0,10.975
2026-03-07 09:00:00,CMP-01569,Social,1129.0,108369,2296,146,7693.0,6.814
2026-03-07 10:00:00,CMP-01570,Social,856.0,117721,2594,141,9104.0,10.636
2026-03-07 11:00:00,CMP-01571,Social,588.0,80183,2195,152,6511.0,11.073
2026-03-07 12:00:00,CMP-01572,Social,720.0,63307,1459,89,6044.0,8.394
2026-03-07 13:00:00,CMP-01573,Display,271.0,18161,310,14,587.0,2.166
2026-03-07 14:00:00,CMP-01574,Search,502.0,51379,2474,104,5776.0,11.506
2026-03-07 15:00:00,CMP-01575,Search,676.0,64141,3192,215,9033.0,13.362
2026-03-07 16:00:00,CMP-01576,Display,273.0,37408,562,30,1423.0,5.212
2026-03-07 17:00:00,CMP-01577,Display,201.0,30185,293,29,2058.0,10.239
2026-03-07 18:00:00,CMP-01578,Affiliate,557.0,47049,699,64,4380.0,7.864
2026-03-07 19:00:00,CMP-01579,Affiliate,215.0,25392,255,8,556.0,2.586
2026-03-07 20:00:00,CMP-01580,Affiliate,615.0,39647,740,35,1523.0,2.476
2026-03-07 21:00:00,CMP-01581,Search,798.0,66687,3070,55,2612.0,3.273
2026-03-07 22:00:00,CMP-01582,Social,278.0,39974,1018,65,3991.0,14.356
2026-03-07 23:00:00,CMP-01583,Search,290.0,42709,1929,117,7623.0,26.286
2026-03-08 00:00:00,CMP-01584,Social,786.0,114287,3685,216,10801.0,13.742
2026-03-08 01:00:00,CMP-01585,Affiliate,486.0,36772,254,7,365.0,0.751
2026-03-08 02:00:00,CMP-01586,Search,734.0,88530,4671,262,12232.0,16.665
2026-03-08 03:00:00,CMP-01587,Social,415.0,44196,1129,58,4326.0,10.424
2026-03-08 04:00:00,CMP-01588,Search,431.0,72866,2800,173,9212.0,21.374
2026-03-08 05:00:00,CMP-01589,Search,479.0,63202,2637,149,8689.0,18.14
2026-03-08 06:00:00,CMP-01590,Search,1015.0,165315,6368,422,24829.0,24.462
2026-03-08 07:00:00,CMP-01591,Search,706.0,53647,2563,138,9530.0,13.499
2026-03-08 08:00:00,CMP-01592,Affiliate,321.0,35180,271,16,776.0,2.417
2026-03-08 09:00:00,CMP-01593,Social,521.0,75480,1967,115,8013.0,15.38
2026-03-08 10:00:00,CMP-01594,Display,400.0,40185,700,51,2306.0,5.765
2026-03-08 11:00:00,CMP-01595,Display,361.0,46776,439,27,1881.0,5.211
2026-03-08 12:00:00,CMP-01596,Search,606.0,70470,3016,197,8047.0,13.279
2026-03-08 13:00:00,CMP-01597,Search,545.0,92166,3701,244,13897.0,25.499
2026-03-08 14:00:00,CMP-01598,Display,279.0,22076,244,12,891.0,3.194
2026-03-08 15:00:00,CMP-01599,Search,480.0,78186,4352,355,23065.0,48.052
2026-03-08 16:00:00,CMP-01600,Affiliate,355.0,36981,526,11,684.0,1.927
2026-03-08 17:00:00,CMP-01601,Search,587.0,65438,2867,199,9456.0,16.109
2026-03-08 18:00:00,CMP-01602,Display,346.0,40878,388,18,912.0,2.636
2026-03-08 19:00:00,CMP-01603,Display,433.0,38619,451,41,2929.0,6.764
2026-03-08 20:00:00,CMP-01604,Search,366.0,60756,2794,176,11039.0,30.161
2026-03-08 21:00:00,CMP-01605,Search,169.0,27084,1193,41,2743.0,16.231
2026-03-08 22:00:00,CMP-01606,Affiliate,990.0,165349,2295,105,6167.0,6.229
2026-03-08 23:00:00,CMP-01607,Search,477.0,80928,3260,207,11423.0,23.948
2026-03-09 00:00:00,CMP-01608,Social,1007.0,134613,2806,145,9522.0,9.456
2026-03-09 01:00:00,CMP-01609,Social,488.0,53526,1490,78,4726.0,9.684
2026-03-09 02:00:00,CMP-01610,Search,661.0,101516,4049,180,10134.0,15.331
2026-03-09 03:00:00,CMP-01611,Display,333.0,20851,354,22,965.0,2.898
2026-03-09 04:00:00,CMP-01612,Display,338.0,51303,650,47,3174.0,9.391
2026-03-09 05:00:00,CMP-01613,Social,464.0,53221,981,21,1310.0,2.823
2026-03-09 06:00:00,CMP-01614,Display,1003.0,134456,1735,150,7791.0,7.768
2026-03-09 07:00:00,CMP-01615,Search,285.0,28826,1135,52,3629.0,12.733
2026-03-09 08:00:00,CMP-01616,Search,144.0,14478,702,48,2901.0,20.146
2026-03-09 09:00:00,CMP-01617,Social,777.0,49330,1181,69,4184.0,5.385
2026-03-09 10:00:00,CMP-01618,Affiliate,681.0,72606,1340,82,5481.0,8.048
2026-03-09 11:00:00,CMP-01619,Search,377.0,39554,1986,113,7310.0,19.39
2026-03-09 12:00:00,CMP-01620,Search,1195.0,101248,4102,158,9628.0,8.057
2026-03-09 13:00:00,CMP-01621,Social,1221.0,106477,1829,78,4377.0,3.585
2026-03-09 14:00:00,CMP-01622,Display,161.0,20005,186,6,467.0,2.901
2026-03-09 15:00:00,CMP-01623,Search,329.0,31240,1264,44,2229.0,6.775
2026-03-09 16:00:00,CMP-01624,Social,462.0,69913,2245,136,8903.0,19.271
2026-03-09 17:00:00,CMP-01625,Display,579.0,41834,515,31,1772.0,3.06
2026-03-09 18:00:00,CMP-01626,Social,536.0,66217,1871,84,5254.0,9.802
2026-03-09 19:00:00,CMP-01627,Search,476.0,36939,1646,154,10831.0,22.754
2026-03-09 20:00:00,CMP-01628,Search,261.0,30825,1400,61,3348.0,12.828
2026-03-09 21:00:00,CMP-01629,Social,616.0,74400,1808,58,3713.0,6.028
2026-03-09 22:00:00,CMP-01630,Social,633.0,82703,2523,143,8674.0,13.703
2026-03-09 23:00:00,CMP-01631,Affiliate,750.0,80262,1053,42,2167.0,2.889
2026-03-10 00:00:00,CMP-01632,Social,240.0,27850,584,25,1765.0,7.354
2026-03-10 01:00:00,CMP-01633,Display,424.0,33879,630,33,2149.0,5.068
2026-03-10 02:00:00,CMP-01634,Affiliate,367.0,40711,454,34,1824.0,4.97
2026-03-10 03:00:00,CMP-01635,Social,238.0,24045,583,30,2071.0,8.702
2026-03-10 04:00:00,CMP-01636,Social,421.0,56108,774,37,1838.0,4.366
2026-03-10 05:00:00,CMP-01637,Affiliate,268.0,28898,370,20,1154.0,4.306
2026-03-10 06:00:00,CMP-01638,Search,215.0,31331,1445,72,3867.0,17.986
2026-03-10 07:00:00,CMP-01639,Display,686.0,73305,931,44,2883.0,4.203
2026-03-10 08:00:00,CMP-01640,Display,376.0,32311,328,23,1224.0,3.255
2026-03-10 09:00:00,CMP-01641,Search,320.0,28833,1205,84,5509.0,17.216
2026-03-10 10:00:00,CMP-01642,Social,841.0,54649,1253,64,4092.0,4.866
2026-03-10 11:00:00,CMP-01643,Search,643.0,76768,3715,226,12260.0,19.067
2026-03-10 12:00:00,CMP-01644,Search,134.0,20287,998,66,5036.0,37.582
2026-03-10 13:00:00,CMP-01645,Social,581.0,84013,1982,139,7026.0,12.093
2026-03-10 14:00:00,CMP-01646,Search,580.0,62730,3030,160,7026.0,12.114
2026-03-10 15:00:00,CMP-01647,Display,411.0,33526,381,26,1731.0,4.212
2026-03-10 16:00:00,CMP-01648,Affiliate,403.0,62458,609,24,876.0,2.174
2026-03-10 17:00:00,CMP-01649,Display,181.0,11990,146,7,510.0,2.818
2026-03-10 18:00:00,CMP-01650,Search,1188.0,123450,4829,327,19299.0,16.245
2026-03-10 19:00:00,CMP-01651,Search,420.0,64775,2936,182,7959.0,18.95
2026-03-10 20:00:00,CMP-01652,Search,565.0,58335,2226,133,6453.0,11.421
2026-03-10 21:00:00,CMP-01653,Search,432.0,31521,1345,71,2958.0,6.847
2026-03-10 22:00:00,CMP-01654,Affiliate,323.0,28829,108,6,371.0,1.149
2026-03-10 23:00:00,CMP-01655,Social,712.0,89714,2167,79,3534.0,4.963
2026-03-11 00:00:00,CMP-01656,Search,513.0,39359,1971,74,4664.0,9.092
2026-03-11 01:00:00,CMP-01657,Display,422.0,55722,658,22,1209.0,2.865
2026-03-11 02:00:00,CMP-01658,Social,562.0,60807,1654,99,5271.0,9.379
2026-03-11 03:00:00,CMP-01659,Search,453.0,43842,2369,98,6183.0,13.649
2026-03-11 04:00:00,CMP-01660,Search,1041.0,90048,4136,166,10663.0,10.243
2026-03-11 05:00:00,CMP-01661,Social,700.0,105396,2269,161,11183.0,15.976
2026-03-11 06:00:00,CMP-01662,Display,609.0,63113,572,36,1860.0,3.054
2026-03-11 07:00:00,CMP-01663,Search,194.0,27399,1220,58,3347.0,17.253
2026-03-11 08:00:00,CMP-01664,Affiliate,619.0,67123,664,63,3254.0,5.257
2026-03-11 09:00:00,CMP-01665,Affiliate,611.0,42834,430,17,1014.0,1.66
2026-03-11 10:00:00,CMP-01666,Display,271.0,29391,459,18,904.0,3.336
2026-03-11 11:00:00,CMP-01667,Search,191.0,22126,1068,48,2580.0,13.508
2026-03-11 12:00:00,CMP-01668,Search,686.0,75708,2927,146,7856.0,11.452
2026-03-11 13:00:00,CMP-01669,Affiliate,729.0,109194,924,45,2742.0,3.761
2026-03-11 14:00:00,CMP-01670,Search,339.0,54305,2378,170,9865.0,29.1
2026-03-11 15:00:00,CMP-01671,Social,330.0,48360,1260,58,3658.0,11.085
2026-03-11 16:00:00,CMP-01672,Display,508.0,63045,1000,74,4213.0,8.293
2026-03-11 17:00:00,CMP-01673,Search,375.0,44834,2531,139,7256.0,19.349
2026-03-11 18:00:00,CMP-01674,Display,189.0,24741,258,12,719.0,3.804
2026-03-11 19:00:00,CMP-01675,Affiliate,269.0,24656,256,9,439.0,1.632
2026-03-11 20:00:00,CMP-01676,Display,555.0,82863,1167,74,4713.0,8.492
2026-03-11 21:00:00,CMP-01677,Social,278.0,42882,999,83,4577.0,16.464
2026-03-11 22:00:00,CMP-01678,Affiliate,747.0,66777,755,34,2042.0,2.734
2026-03-11 23:00:00,CMP-01679,Social,607.0,96701,2235,144,8669.0,14.282
2026-03-12 00:00:00,CMP-01680,Display,566.0,86802,180,8,592.0,1.046
2026-03-12 01:00:00,CMP-01681,Display,503.0,53666,675,35,2164.0,4.302
2026-03-12 02:00:00,CMP-01682,Display,315.0,50396,570,38,2232.0,7.086
2026-03-12 03:00:00,CMP-01683,Search,648.0,47464,2305,143,7304.0,11.272
2026-03-12 04:00:00,CMP-01684,Search,310.0,19554,884,50,3301.0,10.648
2026-03-12 05:00:00,CMP-01685,Search,767.0,75369,3062,232,12829.0,16.726
2026-03-12 06:00:00,CMP-01686,Social,961.0,117432,2810,146,6241.0,6.494
2026-03-12 07:00:00,CMP-01687,Social,511.0,50414,812,32,1794.0,3.511
2026-03-12 08:00:00,CMP-01688,Social,898.0,146937,3045,150,8987.0,10.008
2026-03-12 09:00:00,CMP-01689,Social,272.0,23940,676,26,1295.0,4.761
2026-03-12 10:00:00,CMP-01690,Display,610.0,55469,617,36,2045.0,3.352
2026-03-12 11:00:00,CMP-01691,Affiliate,470.0,61020,1021,55,3151.0,6.704
2026-03-12 12:00:00,CMP-01692,Search,692.0,41814,1616,106,6089.0,8.799
2026-03-12 13:00:00,CMP-01693,Display,139.0,19464,235,9,633.0,4.554
2026-03-12 14:00:00,CMP-01694,Display,671.0,68121,660,37,1661.0,2.475
2026-03-12 15:00:00,CMP-01695,Social,332.0,55627,1618,44,3447.0,10.383
2026-03-12 16:00:00,CMP-01696,Search,482.0,65578,3123,195,11246.0,23.332
2026-03-12 17:00:00,CMP-01697,Display,1178.0,77446,1112,58,3701.0,3.142
2026-03-12 18:00:00,CMP-01698,Affiliate,620.0,43517,812,45,2668.0,4.303
2026-03-12 19:00:00,CMP-01699,Display,580.0,40425,390,15,611.0,1.053
2026-03-12 20:00:00,CMP-01700,Affiliate,556.0,91622,1597,84,3984.0,7.165
2026-03-12 21:00:00,CMP-01701,Affiliate,807.0,109143,869,75,3957.0,4.903
2026-03-12 22:00:00,CMP-01702,Social,703.0,75246,1629,67,4552.0,6.475
2026-03-12 23:00:00,CMP-01703,Social,559.0,45867,1307,74,3268.0,5.846
2026-03-13 00:00:00,CMP-01704,Social,525.0,81952,1517,61,3016.0,5.745
2026-03-13 01:00:00,CMP-01705,Affiliate,507.0,41660,572,22,1312.0,2.588
2026-03-13 02:00:00,CMP-01706,Search,457.0,62944,2812,152,9535.0,20.864
2026-03-13 03:00:00,CMP-01707,Social,238.0,34263,1029,56,3496.0,14.689
2026-03-13 04:00:00,CMP-01708,Affiliate,614.0,56741,679,34,1637.0,2.666
2026-03-13 05:00:00,CMP-01709,Search,349.0,40323,1855,111,4664.0,13.364
2026-03-13 06:00:00,CMP-01710,Display,429.0,36262,520,38,2409.0,5.615
2026-03-13 07:00:00,CMP-01711,Social,727.0,73923,1678,114,8246.0,11.343
2026-03-13 08:00:00,CMP-01712,Affiliate,462.0,76768,674,46,2509.0,5.431
2026-03-13 09:00:00,CMP-01713,Affiliate,444.0,60492,851,36,1676.0,3.775
2026-03-13 10:00:00,CMP-01714,Search,512.0,78401,3522,214,11492.0,22.445
2026-03-13 11:00:00,CMP-01715,Display,400.0,47786,477,27,1672.0,4.18
2026-03-13 12:00:00,CMP-01716,Search,1166.0,100619,4597,298,16589.0,14.227
2026-03-13 13:00:00,CMP-01717,Social,1086.0,150320,4614,237,17081.0,15.728
2026-03-13 14:00:00,CMP-01718,Display,1072.0,123346,1240,89,5985.0,5.583
2026-03-13 15:00:00,CMP-01719,Display,557.0,44255,397,18,1077.0,1.934
2026-03-13 16:00:00,CMP-01720,Search,338.0,35614,1442,66,2538.0,7.509
2026-03-13 17:00:00,CMP-01721,Search,737.0,95686,4277,159,8121.0,11.019
2026-03-13 18:00:00,CMP-01722,Display,402.0,56636,787,34,1786.0,4.443
2026-03-13 19:00:00,CMP-01723,Social,769.0,66714,1963,159,8035.0,10.449
2026-03-13 20:00:00,CMP-01724,Social,329.0,51442,1333,41,2456.0,7.465
2026-03-13 21:00:00,CMP-01725,Search,577.0,58710,2852,196,11782.0,20.419
2026-03-13 22:00:00,CMP-01726,Search,823.0,73926,3481,182,7509.0,9.124
2026-03-13 23:00:00,CMP-01727,Affiliate,414.0,33725,536,50,3302.0,7.976
2026-03-14 00:00:00,CMP-01728,Search,413.0,61313,2934,69,4013.0,9.717
2026-03-14 01:00:00,CMP-01729,Social,203.0,20088,600,44,2709.0,13.345
2026-03-14 02:00:00,CMP-01730,Affiliate,335.0,37913,471,38,2487.0,7.424
2026-03-14 03:00:00,CMP-01731,Search,552.0,46649,1899,121,6090.0,11.033
2026-03-14 04:00:00,CMP-01732,Display,594.0,80469,1159,51,3600.0,6.061
2026-03-14 05:00:00,CMP-01733,Search,638.0,93092,4648,143,8091.0,12.682
2026-03-14 06:00:00,CMP-01734,Affiliate,159.0,15476,252,9,658.0,4.138
2026-03-14 07:00:00,CMP-01735,Display,403.0,66075,1199,104,5102.0,12.66
2026-03-14 08:00:00,CMP-01736,Affiliate,217.0,13750,287,15,1086.0,5.005
2026-03-14 09:00:00,CMP-01737,Search,538.0,40147,1930,106,5190.0,9.647
2026-03-14 10:00:00,CMP-01738,Social,181.0,22582,582,40,3340.0,18.453
2026-03-14 11:00:00,CMP-01739,Display,254.0,34837,223,10,485.0,1.909
2026-03-14 12:00:00,CMP-01740,Search,697.0,61039,2829,174,11930.0,17.116
2026-03-14 13:00:00,CMP-01741,Search,356.0,43057,1901,105,5709.0,16.037
2026-03-14 14:00:00,CMP-01742,Search,902.0,85710,3827,195,12704.0,14.084
2026-03-14 15:00:00,CMP-01743,Affiliate,646.0,78133,885,46,2649.0,4.101
2026-03-14 16:00:00,CMP-01744,Display,415.0,54998,794,31,1460.0,3.518
2026-03-14 17:00:00,CMP-01745,Social,752.0,125590,3115,133,3994.0,5.311
2026-03-14 18:00:00,CMP-01746,Display,434.0,47794,735,41,3406.0,7.848
2026-03-14 19:00:00,CMP-01747,Social,678.0,89023,1307,78,4581.0,6.757
2026-03-14 20:00:00,CMP-01748,Social,326.0,40288,1076,64,1828.0,5.607
2026-03-14 21:00:00,CMP-01749,Social,774.0,73476,2227,150,9154.0,11.827
2026-03-14 22:00:00,CMP-01750,Social,191.0,16776,545,26,1687.0,8.832
2026-03-14 23:00:00,CMP-01751,Search,254.0,42841,2075,141,7170.0,28.228
2026-03-15 00:00:00,CMP-01752,Affiliate,279.0,23088,427,22,1120.0,4.014
2026-03-15 01:00:00,CMP-01753,Display,345.0,50690,635,43,2485.0,7.203
2026-03-15 02:00:00,CMP-01754,Search,562.0,42782,1934,123,8613.0,15.326
2026-03-15 03:00:00,CMP-01755,Social,475.0,70527,1969,92,5428.0,11.427
2026-03-15 04:00:00,CMP-01756,Search,682.0,54853,2458,111,8062.0,11.821
2026-03-15 05:00:00,CMP-01757,Affiliate,828.0,137768,1231,73,5060.0,6.111
2026-03-15 06:00:00,CMP-01758,Affiliate,179.0,24247,247,13,724.0,4.045
2026-03-15 07:00:00,CMP-01759,Affiliate,878.0,61383,506,34,1438.0,1.638
2026-03-15 08:00:00,CMP-01760,Search,429.0,58451,2811,239,13320.0,31.049
2026-03-15 09:00:00,CMP-01761,Search,1062.0,134234,5976,375,23724.0,22.339
2026-03-15 10:00:00,CMP-01762,Search,318.0,30887,1267,90,5274.0,16.585
2026-03-15 11:00:00,CMP-01763,Search,148.0,13124,584,28,1802.0,12.176
2026-03-15 12:00:00,CMP-01764,Search,650.0,90391,4293,301,20057.0,30.857
2026-03-15 13:00:00,CMP-01765,Search,630.0,89176,4299,242,15321.0,24.319
2026-03-15 14:00:00,CMP-01766,Affiliate,258.0,24766,186,10,552.0,2.14
2026-03-15 15:00:00,CMP-01767,Search,273.0,42693,1701,127,8026.0,29.399
2026-03-15 16:00:00,CMP-01768,Search,707.0,63326,2969,153,12294.0,17.389
2026-03-15 17:00:00,CMP-01769,Display,575.0,38918,260,12,517.0,0.899
2026-03-15 18:00:00,CMP-01770,Social,406.0,51150,1412,61,3835.0,9.446
2026-03-15 19:00:00,CMP-01771,Display,605.0,43425,808,60,4579.0,7.569
2026-03-15 20:00:00,CMP-01772,Social,547.0,49466,1576,75,3469.0,6.342
2026-03-15 21:00:00,CMP-01773,Affiliate,289.0,33463,501,36,2448.0,8.471
2026-03-15 22:00:00,CMP-01774,Social,733.0,67069,1866,55,3814.0,5.203
2026-03-15 23:00:00,CMP-01775,Social,664.0,55543,1939,121,5231.0,7.878
2026-03-16 00:00:00,CMP-01776,Display,481.0,66065,179,10,651.0,1.353
2026-03-16 01:00:00,CMP-01777,Social,707.0,84960,2023,115,6358.0,8.993
2026-03-16 02:00:00,CMP-01778,Search,1127.0,171725,8296,436,25024.0,22.204
2026-03-16 03:00:00,CMP-01779,Social,271.0,33586,823,37,2026.0,7.476
2026-03-16 04:00:00,CMP-01780,Search,416.0,47082,2361,119,8464.0,20.346
2026-03-16 05:00:00,CMP-01781,Display,427.0,37891,488,28,1593.0,3.731
2026-03-16 06:00:00,CMP-01782,Search,700.0,102989,4640,284,15156.0,21.651
2026-03-16 07:00:00,CMP-01783,Search,342.0,27926,1197,43,2302.0,6.731
2026-03-16 08:00:00,CMP-01784,Search,680.0,58918,2516,141,7697.0,11.319
2026-03-16 09:00:00,CMP-01785,Display,364.0,55537,560,29,1369.0,3.761
2026-03-16 10:00:00,CMP-01786,Search,253.0,35807,1593,116,6180.0,24.427
2026-03-16 11:00:00,CMP-01787,Display,495.0,63070,554,22,1302.0,2.63
2026-03-16 12:00:00,CMP-01788,Affiliate,360.0,23141,411,25,1551.0,4.308
2026-03-16 13:00:00,CMP-01789,Search,521.0,38553,1875,88,6164.0,11.831
2026-03-16 14:00:00,CMP-01790,Display,584.0,67157,1134,42,2537.0,4.344
2026-03-16 15:00:00,CMP-01791,Search,187.0,26572,1088,52,2769.0,14.807
2026-03-16 16:00:00,CMP-01792,Search,382.0,42421,1674,88,4214.0,11.031
2026-03-16 17:00:00,CMP-01793,Display,496.0,30703,383,18,1097.0,2.212
2026-03-16 18:00:00,CMP-01794,Affiliate,709.0,56911,1342,51,2898.0,4.087
2026-03-16 19:00:00,CMP-01795,Search,666.0,83093,4149,309,17661.0,26.518
2026-03-16 20:00:00,CMP-01796,Social,303.0,41318,933,52,3153.0,10.406
2026-03-16 21:00:00,CMP-01797,Search,438.0,27890,1344,78,4929.0,11.253
2026-03-16 22:00:00,CMP-01798,Social,599.0,38795,1116,43,2610.0,4.357
2026-03-16 23:00:00,CMP-01799,Social,422.0,37450,723,32,1801.0,4.268
2026-03-17 00:00:00,CMP-01800,Social,319.0,22070,649,50,2499.0,7.834
2026-03-17 01:00:00,CMP-01801,Social,466.0,55740,1395,64,3320.0,7.124
2026-03-17 02:00:00,CMP-01802,Search,571.0,42029,1883,111,7380.0,12.925
2026-03-17 03:00:00,CMP-01803,Display,287.0,37684,454,23,1237.0,4.31
2026-03-17 04:00:00,CMP-01804,Display,632.0,91952,1491,83,3697.0,5.85
2026-03-17 05:00:00,CMP-01805,Display,510.0,85045,769,65,4524.0,8.871
2026-03-17 06:00:00,CMP-01806,Search,643.0,105660,4022,299,14524.0,22.588
2026-03-17 07:00:00,CMP-01807,Social,461.0,41522,1135,73,4260.0,9.241
2026-03-17 08:00:00,CMP-01808,Social,1043.0,65954,1094,60,3775.0,3.619
2026-03-17 09:00:00,CMP-01809,Search,566.0,54469,2390,142,8241.0,14.56
2026-03-17 10:00:00,CMP-01810,Search,679.0,93656,4665,195,6478.0,9.541
2026-03-17 11:00:00,CMP-01811,Social,630.0,41944,1129,38,2352.0,3.733
2026-03-17 12:00:00,CMP-01812,Display,435.0,43312,701,27,1924.0,4.423
2026-03-17 13:00:00,CMP-01813,Search,541.0,50196,2379,115,7575.0,14.002
2026-03-17 14:00:00,CMP-01814,Display,347.0,29192,636,42,1544.0,4.45
2026-03-17 15:00:00,CMP-01815,Social,1006.0,138500,3168,244,19342.0,19.227
2026-03-17 16:00:00,CMP-01816,Display,597.0,79102,1063,72,3221.0,5.395
2026-03-17 17:00:00,CMP-01817,Social,309.0,36741,851,42,1983.0,6.417
2026-03-17 18:00:00,CMP-01818,Social,895.0,143365,4204,244,16060.0,17.944
2026-03-17 19:00:00,CMP-01819,Social,446.0,31819,778,39,2439.0,5.469
2026-03-17 20:00:00,CMP-01820,Affiliate,726.0,55514,1078,67,3940.0,5.427
2026-03-17 21:00:00,CMP-01821,Social,184.0,18801,465,29,1517.0,8.245
2026-03-17 22:00:00,CMP-01822,Social,815.0,107699,3298,234,16686.0,20.474
2026-03-17 23:00:00,CMP-01823,Social,585.0,72685,2004,95,5473.0,9.356
2026-03-18 00:00:00,CMP-01824,Display,296.0,20170,218,10,423.0,1.429
2026-03-18 01:00:00,CMP-01825,Search,580.0,95947,4535,148,10408.0,17.945
2026-03-18 02:00:00,CMP-01826,Social,957.0,89534,2325,169,10173.0,10.63
2026-03-18 03:00:00,CMP-01827,Social,352.0,35019,915,47,3250.0,9.233
2026-03-18 04:00:00,CMP-01828,Affiliate,350.0,45009,526,44,2804.0,8.011
2026-03-18 05:00:00,CMP-01829,Social,432.0,70834,1559,53,4342.0,10.051
2026-03-18 06:00:00,CMP-01830,Social,493.0,65517,1514,87,4776.0,9.688
2026-03-18 07:00:00,CMP-01831,Affiliate,749.0,123603,643,49,2850.0,3.805
2026-03-18 08:00:00,CMP-01832,Social,601.0,48461,1383,78,5085.0,8.461
2026-03-18 09:00:00,CMP-01833,Search,431.0,55197,2240,148,8134.0,18.872
2026-03-18 10:00:00,CMP-01834,Search,552.0,83449,3804,189,12479.0,22.607
2026-03-18 11:00:00,CMP-01835,Search,1033.0,119820,5742,403,11496.0,11.129
2026-03-18 12:00:00,CMP-01836,Search,652.0,65095,3100,175,10023.0,15.373
2026-03-18 13:00:00,CMP-01837,Social,455.0,76587,1348,54,3076.0,6.76
2026-03-18 14:00:00,CMP-01838,Display,425.0,32091,364,13,736.0,1.732
2026-03-18 15:00:00,CMP-01839,Display,536.0,56388,825,73,3594.0,6.705
2026-03-18 16:00:00,CMP-01840,Search,745.0,116272,5174,330,22130.0,29.705
2026-03-18 17:00:00,CMP-01841,Social,326.0,51851,1561,75,3972.0,12.184
2026-03-18 18:00:00,CMP-01842,Search,695.0,116650,4987,433,25981.0,37.383
2026-03-18 19:00:00,CMP-01843,Affiliate,450.0,70799,270,21,1210.0,2.689
2026-03-18 20:00:00,CMP-01844,Search,485.0,31818,1518,104,6552.0,13.509
2026-03-18 21:00:00,CMP-01845,Social,1427.0,231565,5265,298,21548.0,15.1
2026-03-18 22:00:00,CMP-01846,Search,661.0,70792,2727,156,9352.0,14.148
2026-03-18 23:00:00,CMP-01847,Social,366.0,48194,1143,75,4981.0,13.609
2026-03-19 00:00:00,CMP-01848,Social,584.0,60368,1720,55,3270.0,5.599
2026-03-19 01:00:00,CMP-01849,Display,763.0,114071,848,50,2647.0,3.469
2026-03-19 02:00:00,CMP-01850,Search,665.0,82028,4394,259,14655.0,22.038
2026-03-19 03:00:00,CMP-01851,Affiliate,132.0,20197,170,9,496.0,3.758
2026-03-19 04:00:00,CMP-01852,Social,475.0,38624,988,54,3439.0,7.24
2026-03-19 05:00:00,CMP-01853,Display,597.0,47967,349,17,1004.0,1.682
2026-03-19 06:00:00,CMP-01854,Display,573.0,62136,774,25,1251.0,2.183
2026-03-19 07:00:00,CMP-01855,Affiliate,381.0,23059,277,20,1116.0,2.929
2026-03-19 08:00:00,CMP-01856,Search,670.0,91263,3541,230,9830.0,14.672
2026-03-19 09:00:00,CMP-01857,Search,817.0,75626,4359,116,6514.0,7.973
2026-03-19 10:00:00,CMP-01858,Search,190.0,23047,1020,43,2495.0,13.132
2026-03-19 11:00:00,CMP-01859,Search,180.0,12186,545,25,1902.0,10.567
2026-03-19 12:00:00,CMP-01860,Social,581.0,45765,1364,85,6076.0,10.458
2026-03-19 13:00:00,CMP-01861,Affiliate,697.0,89574,1780,141,6720.0,9.641
2026-03-19 14:00:00,CMP-01862,Affiliate,353.0,33048,550,39,2341.0,6.632
2026-03-19 15:00:00,CMP-01863,Social,137.0,11455,252,17,1023.0,7.467
2026-03-19 16:00:00,CMP-01864,Social,479.0,40797,1051,54,3008.0,6.28
2026-03-19 17:00:00,CMP-01865,Affiliate,577.0,48254,209,15,845.0,1.464
2026-03-19 18:00:00,CMP-01866,Affiliate,414.0,53204,820,29,1579.0,3.814
2026-03-19 19:00:00,CMP-01867,Search,772.0,60560,2286,81,6215.0,8.051
2026-03-19 20:00:00,CMP-01868,Social,560.0,55942,1140,43,2315.0,4.134
2026-03-19 21:00:00,CMP-01869,Display,333.0,45177,570,27,1658.0,4.979
2026-03-19 22:00:00,CMP-01870,Search,351.0,40892,1856,99,3238.0,9.225
2026-03-19 23:00:00,CMP-01871,Social,484.0,60839,1473,90,5961.0,12.316
2026-03-20 00:00:00,CMP-01872,Affiliate,400.0,35039,626,31,2165.0,5.412
2026-03-20 01:00:00,CMP-01873,Affiliate,173.0,28129,425,20,950.0,5.491
2026-03-20 02:00:00,CMP-01874,Affiliate,537.0,56667,846,57,3014.0,5.613
2026-03-20 03:00:00,CMP-01875,Display,356.0,32597,236,15,938.0,2.635
2026-03-20 04:00:00,CMP-01876,Search,388.0,61876,3221,162,9428.0,24.299
2026-03-20 05:00:00,CMP-01877,Search,270.0,35662,1489,82,5138.0,19.03
2026-03-20 06:00:00,CMP-01878,Social,969.0,123580,3980,323,17806.0,18.376
2026-03-20 07:00:00,CMP-01879,Social,642.0,101141,3309,98,7510.0,11.698
2026-03-20 08:00:00,CMP-01880,Social,1085.0,72086,1955,63,3232.0,2.979
2026-03-20 09:00:00,CMP-01881,Social,413.0,62835,1827,108,9171.0,22.206
2026-03-20 10:00:00,CMP-01882,Social,660.0,88812,1109,67,4718.0,7.148
2026-03-20 11:00:00,CMP-01883,Display,541.0,53883,607,25,1658.0,3.065
2026-03-20 12:00:00,CMP-01884,Search,340.0,29987,1522,75,3570.0,10.5
2026-03-20 13:00:00,CMP-01885,Search,411.0,29398,1447,63,4227.0,10.285
2026-03-20 14:00:00,CMP-01886,Search,642.0,104978,4220,264,16906.0,26.333
2026-03-20 15:00:00,CMP-01887,Search,269.0,20339,839,54,1987.0,7.387
2026-03-20 16:00:00,CMP-01888,Affiliate,776.0,68705,160,12,527.0,0.679
2026-03-20 17:00:00,CMP-01889,Social,519.0,70595,1814,78,4803.0,9.254
2026-03-20 18:00:00,CMP-01890,Search,727.0,100410,3848,138,7820.0,10.757
2026-03-20 19:00:00,CMP-01891,Display,578.0,44901,700,24,1268.0,2.194
2026-03-20 20:00:00,CMP-01892,Social,191.0,28564,833,59,4059.0,21.251
2026-03-20 21:00:00,CMP-01893,Search,475.0,55162,2383,148,7276.0,15.318
2026-03-20 22:00:00,CMP-01894,Search,784.0,120210,5484,289,15446.0,19.702
2026-03-20 23:00:00,CMP-01895,Search,516.0,35914,1549,98,5050.0,9.787
2026-03-21 00:00:00,CMP-01896,Display,481.0,31126,426,26,1641.0,3.412
2026-03-21 01:00:00,CMP-01897,Search,515.0,66985,2786,118,4815.0,9.35
2026-03-21 02:00:00,CMP-01898,Search,165.0,12622,590,33,1750.0,10.606
2026-03-21 03:00:00,CMP-01899,Search,823.0,96903,3694,190,7747.0,9.413
2026-03-21 04:00:00,CMP-01900,Social,116.0,7140,102,4,219.0,1.888
2026-03-21 05:00:00,CMP-01901,Search,906.0,132087,5930,381,24853.0,27.432
2026-03-21 06:00:00,CMP-01902,Display,398.0,63261,753,44,2878.0,7.231
2026-03-21 07:00:00,CMP-01903,Search,598.0,91061,4118,241,12224.0,20.441
2026-03-21 08:00:00,CMP-01904,Social,156.0,25805,595,33,2090.0,13.397
2026-03-21 09:00:00,CMP-01905,Social,694.0,110582,3648,256,14374.0,20.712
2026-03-21 10:00:00,CMP-01906,Social,637.0,69332,1821,101,7233.0,11.355
2026-03-21 11:00:00,CMP-01907,Search,618.0,64159,2913,144,8165.0,13.212
2026-03-21 12:00:00,CMP-01908,Display,152.0,24104,293,19,537.0,3.533
2026-03-21 13:00:00,CMP-01909,Affiliate,316.0,51180,864,43,2879.0,9.111
2026-03-21 14:00:00,CMP-01910,Search,580.0,96866,4518,282,15061.0,25.967
2026-03-21 15:00:00,CMP-01911,Search,812.0,117346,5471,385,21274.0,26.2
2026-03-21 16:00:00,CMP-01912,Affiliate,291.0,23925,351,19,1166.0,4.007
2026-03-21 17:00:00,CMP-01913,Social,295.0,48363,846,52,2275.0,7.712
2026-03-21 18:00:00,CMP-01914,Search,561.0,92108,3543,115,6756.0,12.043
2026-03-21 19:00:00,CMP-01915,Search,1364.0,181786,8003,453,28695.0,21.037
2026-03-21 20:00:00,CMP-01916,Display,343.0,52925,570,35,2157.0,6.289
2026-03-21 21:00:00,CMP-01917,Display,395.0,48083,702,60,3121.0,7.901
2026-03-21 22:00:00,CMP-01918,Social,365.0,59806,1527,80,5434.0,14.888
2026-03-21 23:00:00,CMP-01919,Affiliate,451.0,31720,491,27,1297.0,2.876
2026-03-22 00:00:00,CMP-01920,Social,844.0,130850,2577,96,4967.0,5.885
2026-03-22 01:00:00,CMP-01921,Search,463.0,30606,1364,72,4078.0,8.808
2026-03-22 02:00:00,CMP-01922,Social,1429.0,139044,2732,123,7497.0,5.246
2026-03-22 03:00:00,CMP-01923,Social,506.0,37892,995,76,4161.0,8.223
2026-03-22 04:00:00,CMP-01924,Search,883.0,99518,3700,169,11878.0,13.452
2026-03-22 05:00:00,CMP-01925,Search,411.0,35159,1572,106,6461.0,15.72
2026-03-22 06:00:00,CMP-01926,Social,239.0,39369,725,34,1998.0,8.36
2026-03-22 07:00:00,CMP-01927,Display,463.0,56266,579,20,1212.0,2.618
2026-03-22 08:00:00,CMP-01928,Search,623.0,98901,4752,224,14634.0,23.49
2026-03-22 09:00:00,CMP-01929,Social,317.0,28715,744,47,2839.0,8.956
2026-03-22 10:00:00,CMP-01930,Social,816.0,51291,976,58,2314.0,2.836
2026-03-22 11:00:00,CMP-01931,Social,375.0,54495,1235,29,1998.0,5.328
2026-03-22 12:00:00,CMP-01932,Display,270.0,37060,229,7,414.0,1.533
2026-03-22 13:00:00,CMP-01933,Display,1296.0,155525,785,52,3372.0,2.602
2026-03-22 14:00:00,CMP-01934,Display,308.0,46103,545,38,2050.0,6.656
2026-03-22 15:00:00,CMP-01935,Search,369.0,56239,2665,185,7351.0,19.921
2026-03-22 16:00:00,CMP-01936,Social,673.0,83902,2285,97,3415.0,5.074
2026-03-22 17:00:00,CMP-01937,Social,403.0,66999,1862,129,6264.0,15.543
2026-03-22 18:00:00,CMP-01938,Search,275.0,38271,1774,105,6633.0,24.12
2026-03-22 19:00:00,CMP-01939,Search,350.0,47059,2064,137,9724.0,27.783
2026-03-22 20:00:00,CMP-01940,Search,1120.0,111727,4473,256,15621.0,13.947
2026-03-22 21:00:00,CMP-01941,Social,634.0,38197,913,29,1377.0,2.172
2026-03-22 22:00:00,CMP-01942,Social,696.0,60206,1197,69,3461.0,4.973
2026-03-22 23:00:00,CMP-01943,Search,548.0,78929,3255,143,10240.0,18.686
2026-03-23 00:00:00,CMP-01944,Display,594.0,82022,999,65,2918.0,4.912
2026-03-23 01:00:00,CMP-01945,Affiliate,388.0,37408,415,19,1501.0,3.869
2026-03-23 02:00:00,CMP-01946,Search,514.0,66210,3790,284,21800.0,42.412
2026-03-23 03:00:00,CMP-01947,Affiliate,144.0,11733,70,3,238.0,1.653
2026-03-23 04:00:00,CMP-01948,Search,760.0,67639,3046,251,15514.0,20.413
2026-03-23 05:00:00,CMP-01949,Affiliate,386.0,63386,385,19,1037.0,2.687
2026-03-23 06:00:00,CMP-01950,Affiliate,250.0,26362,268,19,1170.0,4.68
2026-03-23 07:00:00,CMP-01951,Search,529.0,45995,1980,155,10398.0,19.656
2026-03-23 08:00:00,CMP-01952,Display,434.0,49294,714,35,1802.0,4.152
2026-03-23 09:00:00,CMP-01953,Affiliate,746.0,76518,768,38,1786.0,2.394
2026-03-23 10:00:00,CMP-01954,Affiliate,468.0,65636,748,46,2537.0,5.421
2026-03-23 11:00:00,CMP-01955,Affiliate,346.0,57378,569,24,1207.0,3.488
2026-03-23 12:00:00,CMP-01956,Social,474.0,59293,1146,69,4858.0,10.249
2026-03-23 13:00:00,CMP-01957,Search,932.0,116524,4791,204,10574.0,11.345
2026-03-23 14:00:00,CMP-01958,Display,759.0,75999,810,38,2240.0,2.951
2026-03-23 15:00:00,CMP-01959,Social,633.0,77295,1968,91,6173.0,9.752
2026-03-23 16:00:00,CMP-01960,Social,775.0,73722,2080,115,8142.0,10.506
2026-03-23 17:00:00,CMP-01961,Social,657.0,39498,919,59,3545.0,5.396
2026-03-23 18:00:00,CMP-01962,Social,296.0,45960,1111,48,2968.0,10.027
2026-03-23 19:00:00,CMP-01963,Search,698.0,74852,2793,118,5644.0,8.086
2026-03-23 20:00:00,CMP-01964,Display,819.0,93472,1241,95,6482.0,7.915
2026-03-23 21:00:00,CMP-01965,Search,842.0,58253,2473,105,7417.0,8.809
2026-03-23 22:00:00,CMP-01966,Display,262.0,39845,607,39,1533.0,5.851
2026-03-23 23:00:00,CMP-01967,Display,370.0,29132,528,27,2042.0,5.519
2026-03-24 00:00:00,CMP-01968,Social,341.0,35862,840,43,2193.0,6.431
2026-03-24 01:00:00,CMP-01969,Social,409.0,62343,1225,81,5180.0,12.665
2026-03-24 02:00:00,CMP-01970,Search,601.0,66324,2972,181,10638.0,17.7
2026-03-24 03:00:00,CMP-01971,Affiliate,522.0,84786,1103,75,4305.0,8.247
2026-03-24 04:00:00,CMP-01972,Display,522.0,43338,494,29,1622.0,3.107
2026-03-24 05:00:00,CMP-01973,Social,224.0,31063,711,40,1923.0,8.585
2026-03-24 06:00:00,CMP-01974,Search,362.0,60663,2904,166,10498.0,29.0
2026-03-24 07:00:00,CMP-01975,Search,872.0,105038,4899,310,17093.0,19.602
2026-03-24 08:00:00,CMP-01976,Social,818.0,111362,2645,166,7454.0,9.112
2026-03-24 09:00:00,CMP-01977,Affiliate,464.0,47910,233,7,334.0,0.72
2026-03-24 10:00:00,CMP-01978,Display,699.0,99710,1370,124,5589.0,7.996
2026-03-24 11:00:00,CMP-01979,Search,574.0,91826,3820,176,9285.0,16.176
2026-03-24 12:00:00,CMP-01980,Affiliate,737.0,101216,1336,73,4588.0,6.225
2026-03-24 13:00:00,CMP-01981,Social,714.0,116347,3064,121,6158.0,8.625
2026-03-24 14:00:00,CMP-01982,Affiliate,483.0,60255,249,7,474.0,0.981
2026-03-24 15:00:00,CMP-01983,Search,635.0,78413,3709,235,13350.0,21.024
2026-03-24 16:00:00,CMP-01984,Social,593.0,55450,1508,132,7274.0,12.266
2026-03-24 17:00:00,CMP-01985,Affiliate,490.0,67648,1012,54,3141.0,6.41
2026-03-24 18:00:00,CMP-01986,Search,437.0,68615,3211,191,13743.0,31.449
2026-03-24 19:00:00,CMP-01987,Display,1045.0,136994,554,28,1240.0,1.187
2026-03-24 20:00:00,CMP-01988,Affiliate,490.0,41960,694,54,4026.0,8.216
2026-03-24 21:00:00,CMP-01989,Search,678.0,81259,3787,306,20686.0,30.51
2026-03-24 22:00:00,CMP-01990,Search,1006.0,144012,5897,433,25020.0,24.871
2026-03-24 23:00:00,CMP-01991,Display,634.0,103551,943,51,3561.0,5.617
2026-03-25 00:00:00,CMP-01992,Search,621.0,47957,2157,133,7285.0,11.731
2026-03-25 01:00:00,CMP-01993,Search,491.0,36346,1733,118,7181.0,14.625
2026-03-25 02:00:00,CMP-01994,Social,598.0,63043,1451,77,4049.0,6.771
2026-03-25 03:00:00,CMP-01995,Display,419.0,30929,468,19,1286.0,3.069
2026-03-25 04:00:00,CMP-01996,Search,1520.0,255127,9604,431,21950.0,14.441
2026-03-25 05:00:00,CMP-01997,Search,227.0,24214,968,85,4886.0,21.524
2026-03-25 06:00:00,CMP-01998,Display,451.0,53532,207,13,842.0,1.867
2026-03-25 07:00:00,CMP-01999,Social,640.0,54386,1151,73,4999.0,7.811
